country,adm1,adm2,pop,classif,phase1,phase2,phase3,phase4,phase5,phase35,status
Nigeria,Adamawa,Madagali,210083,3,63024.9,88234.86,46218.26,12604.98,0,58823.24,outofcamp
Nigeria,Adamawa,Michika,241320,2,164097.6,48264,28958.4,0,0,28958.4,outofcamp
Nigeria,Adamawa,Mubi North,235225,2,134078.25,70567.5,30579.25,0,0,30579.25,outofcamp
Nigeria,Adamawa,Mubi South,202018,2,115150.26,60605.4,26262.34,0,0,26262.34,outofcamp
Nigeria,Adamawa,Maiha,171269,1,140440.58,25690.35,5138.07,0,0,5138.07,outofcamp
Nigeria,Adamawa,Gombi,229738,2,147032.32,66624.02,16081.66,0,0,16081.66,outofcamp
Nigeria,Adamawa,Hong,262998,1,223548.3,28929.78,10519.92,0,0,10519.92,outofcamp
Nigeria,Adamawa,Song,303423,2,160814.19,97095.36,42479.22,3034.23,0,45513.45,outofcamp
Nigeria,Adamawa,Girei,201862,2,119098.58,60558.6,16148.96,6055.86,0,22204.82,outofcamp
Nigeria,Adamawa,Yola North,310397,1,260733.48,40351.61,9311.91,0,0,9311.91,outofcamp
Nigeria,Adamawa,Yola South,304992,1,256193.28,36599.04,12199.68,0,0,12199.68,outofcamp
Nigeria,Adamawa,Fufore,325610,2,179085.5,97683,45585.4,3256.1,0,48841.5,outofcamp
Nigeria,Adamawa,Guyuk,274380,3,90545.4,85057.8,90545.4,8231.4,0,98776.8,outofcamp
Nigeria,Adamawa,Shelleng,230831,2,120032.12,80790.85,30008.03,0,0,30008.03,outofcamp
Nigeria,Adamawa,Ganye,264187,2,153228.46,84539.84,26418.7,0,0,26418.7,outofcamp
Nigeria,Adamawa,Demsa,282631,2,186536.46,70657.75,25436.79,0,0,25436.79,outofcamp
Nigeria,Adamawa,Lamurde,172947,1,141816.54,24212.58,6917.88,0,0,6917.88,outofcamp
Nigeria,Adamawa,Mayo Belwa,237535,3,59383.75,102140.05,71260.5,4750.7,0,76011.2,outofcamp
Nigeria,Adamawa,Toungo,81112,2,48667.2,23522.48,8922.32,0,0,8922.32,outofcamp
Nigeria,Adamawa,Numan,142314,2,76849.56,44117.34,19923.96,1423.14,0,21347.1,outofcamp
Nigeria,Adamawa,Jada,261852,1,217337.16,36659.28,7855.56,0,0,7855.56,outofcamp
Nigeria,Bauchi,Dambam,233088,1,198124.8,32632.32,2330.88,0,0,2330.88,outofcamp
Nigeria,Bauchi,Darazo,388573,1,330287.05,54400.22,3885.73,0,0,3885.73,outofcamp
Nigeria,Bauchi,Ganjuwa,433162,1,368187.7,60642.68,4331.62,0,0,4331.62,outofcamp
Nigeria,Bauchi,Misau,406936,1,345895.6,56971.04,4069.36,0,0,4069.36,outofcamp
Nigeria,Bauchi,Ningi,597989,1,508290.65,83718.46,5979.89,0,0,5979.89,outofcamp
Nigeria,Bauchi,Warji,177177,1,150600.45,24804.78,1771.77,0,0,1771.77,outofcamp
Nigeria,Bauchi,Gamawa,442305,1,362690.1,70768.8,8846.1,0,0,8846.1,outofcamp
Nigeria,Bauchi,Giade,242427,1,198790.14,38788.32,4848.54,0,0,4848.54,outofcamp
Nigeria,Bauchi,ItasGadau,355212,1,291273.84,56833.92,7104.24,0,0,7104.24,outofcamp
Nigeria,Bauchi,Jamaare,182062,1,149290.84,29129.92,3641.24,0,0,3641.24,outofcamp
Nigeria,Bauchi,Katagum,457104,1,374825.28,73136.64,9142.08,0,0,9142.08,outofcamp
Nigeria,Bauchi,Shira,361417,1,296361.94,57826.72,7228.34,0,0,7228.34,outofcamp
Nigeria,Bauchi,Zaki,295691,1,242466.62,47310.56,5913.82,0,0,5913.82,outofcamp
Nigeria,Bauchi,Alkaleri,508771,1,457893.9,50877.1,0,0,0,0,outofcamp
Nigeria,Bauchi,Bauchi,762653,1,686387.7,76265.3,0,0,0,0,outofcamp
Nigeria,Bauchi,Bogoro,130064,1,117057.6,13006.4,0,0,0,0,outofcamp
Nigeria,Bauchi,Dass,138910,1,125019,13891,0,0,0,0,outofcamp
Nigeria,Bauchi,Kirfi,227985,1,205186.5,22798.5,0,0,0,0,outofcamp
Nigeria,Bauchi,Tafawa Balewa,339755,1,305779.5,33975.5,0,0,0,0,outofcamp
Nigeria,Bauchi,Toro,541173,1,487055.7,54117.3,0,0,0,0,outofcamp
Nigeria,Benue,USHONGO,283434,1,253106.562,28343.4,1984.038,0,0,1984.038,outofcamp
Nigeria,Benue,KONSHISHA,334524,1,298729.932,33452.4,2341.668,0,0,2341.668,outofcamp
Nigeria,Benue,VANDEIKYA,346501,1,309425.393,34650.1,2425.507,0,0,2425.507,outofcamp
Nigeria,Benue,KATSINA-ALA,333016,1,297383.288,33301.6,2331.112,0,0,2331.112,outofcamp
Nigeria,Benue,KWANDE,367239,1,327944.427,36723.9,2570.673,0,0,2570.673,outofcamp
Nigeria,Benue,UKUM,320480,1,286188.64,32048,2243.36,0,0,2243.36,outofcamp
Nigeria,Benue,LOGO,250452,1,223653.636,25045.2,1753.164,0,0,1753.164,outofcamp
Nigeria,Benue,MAKURDI,443651,1,377103.35,62111.14,4436.51,0,0,4436.51,outofcamp
Nigeria,Benue,GBOKO,533670,1,453619.5,74713.8,5336.7,0,0,5336.7,outofcamp
Nigeria,Benue,GWER EAST,249108,1,211741.8,34875.12,2491.08,0,0,2491.08,outofcamp
Nigeria,Benue,GWER WEST,180654,1,153555.9,25291.56,1806.54,0,0,1806.54,outofcamp
Nigeria,Benue,GUMA,286776,1,243759.6,40148.64,2867.76,0,0,2867.76,outofcamp
Nigeria,Benue,BURUKU,304576,1,258889.6,42640.64,3045.76,0,0,3045.76,outofcamp
Nigeria,Benue,TARKA,117095,1,99530.75,16393.3,1170.95,0,0,1170.95,outofcamp
Nigeria,Benue,APA,142942,1,127218.38,14294.2,1429.42,0,0,1429.42,outofcamp
Nigeria,Benue,ADO,272339,1,242381.71,27233.9,2723.39,0,0,2723.39,outofcamp
Nigeria,Benue,AGATU,170735,1,151954.15,17073.5,1707.35,0,0,1707.35,outofcamp
Nigeria,Benue,OGBADIBO,193467,1,172185.63,19346.7,1934.67,0,0,1934.67,outofcamp
Nigeria,Benue,OTUKPO,393484,1,350200.76,39348.4,3934.84,0,0,3934.84,outofcamp
Nigeria,Benue,OBI,145788,1,129751.32,14578.8,1457.88,0,0,1457.88,outofcamp
Nigeria,Benue,OJU,248858,1,127218.38,14294.2,1429.42,0,0,1429.42,outofcamp
Nigeria,Benue,OKPOKWU,259352,1,242381.71,27233.9,2723.39,0,0,2723.39,outofcamp
Nigeria,Benue,OHIMINI,104405,1,151954.15,17073.5,1707.35,0,0,1707.35,outofcamp
Nigeria,Borno,Kukawa,0,0,0,0,0,0,0,0,outofcamp
Nigeria,Borno,Mongono,70988,3,21296.4,28395.2,17747,3549.4,0,21296.4,outofcamp
Nigeria,Borno,Kaga,125459,2,50183.6,56456.55,18818.85,0,0,18818.85,outofcamp
Nigeria,Borno,Magumeri,247444,3,37116.6,98977.6,74233.2,37116.6,0,111349.8,outofcamp
Nigeria,Borno,Nganzai,147991,3,22198.65,51796.85,51796.85,22198.65,0,73995.5,outofcamp
Nigeria,Borno,Mobbar,175015,3,29752.55,73506.3,52504.5,19251.65,0,71756.15,outofcamp
Nigeria,Borno,Gubio,180569,3,19862.59,57782.08,75838.98,27085.35,0,102924.33,outofcamp
Nigeria,Borno,Guzamala,0,0,0,0,0,0,0,0,outofcamp
Nigeria,Borno,Bama,122940,3,24588,36882,43029,18441,0,61470,outofcamp
Nigeria,Borno,MMC,805422,2,426873.66,257735.04,120813.3,0,0,120813.3,outofcamp
Nigeria,Borno,Jere,586967,2,328701.52,181959.77,76305.71,0,0,76305.71,outofcamp
Nigeria,Borno,Konduga,147202,2,57408.78,64768.88,25024.34,0,0,25024.34,outofcamp
Nigeria,Borno,Dikwa,56841,3,14210.25,22736.4,14210.25,5684.1,0,19894.35,outofcamp
Nigeria,Borno,Mafa,117733,3,41206.55,29433.25,35319.9,11773.3,0,47093.2,outofcamp
Nigeria,Borno,Kalabalge,116985,3,25736.7,46794,35095.5,9358.8,0,44454.3,outofcamp
Nigeria,Borno,Ngala,75486,2,25665.24,41517.3,8303.46,0,0,8303.46,outofcamp
Nigeria,Borno,Biu,326333,2,199063.13,94636.57,32633.3,0,0,32633.3,outofcamp
Nigeria,Borno,Bayo,167823,2,117476.1,41955.75,8391.15,0,0,8391.15,outofcamp
Nigeria,Borno,Hawul,252553,1,209618.99,30306.36,12627.65,0,0,12627.65,outofcamp
Nigeria,Borno,Chibok,131734,2,59280.3,55328.28,17125.42,0,0,17125.42,outofcamp
Nigeria,Borno,Damboa,134448,3,13444.8,33612,73946.4,13444.8,0,87391.2,outofcamp
Nigeria,Borno,Gwoza,226027,3,51986.21,85890.26,79109.45,9041.08,0,88150.53,outofcamp
Nigeria,Borno,Kwaya Kusar,135655,1,115306.75,20348.25,0,0,0,0,outofcamp
Nigeria,Borno,Shani,230119,2,126565.45,80541.65,23011.9,0,0,23011.9,outofcamp
Nigeria,Borno,Askira Uba,275171,2,71544.46,159599.18,44027.36,0,0,44027.36,outofcamp
Nigeria,Borno,Abadam,0,0,0,0,0,0,0,0,outofcamp
Nigeria,Borno,Marte,0,0,0,0,0,0,0,0,outofcamp
Nigeria,FCT,AMAC,1415354,1,1259665.06,141535.4,14153.54,0,0,14153.54,outofcamp
Nigeria,FCT,BWARI,673794,1,599676.66,67379.4,6737.94,0,0,6737.94,outofcamp
Nigeria,FCT,GWAGWALADA,674471,1,586789.77,80936.52,6744.71,0,0,6744.71,outofcamp
Nigeria,FCT,KUJE,589998,1,513298.26,70799.76,5899.98,0,0,5899.98,outofcamp
Nigeria,FCT,ABAJI,494902,1,430564.74,54439.22,9898.04,0,0,9898.04,outofcamp
Nigeria,FCT,KWALI,498135,1,433377.45,54794.85,9962.7,0,0,9962.7,outofcamp
Nigeria,Jigawa,AUYO,193085,1,171845.65,19308.5,1930.85,0,0,1930.85,outofcamp
Nigeria,Jigawa,BIRNIWA,207314,1,184509.46,20731.4,2073.14,0,0,2073.14,outofcamp
Nigeria,Jigawa,GURI,165487,1,147283.43,16548.7,1654.87,0,0,1654.87,outofcamp
Nigeria,Jigawa,HADEJIA,152237,1,135490.93,15223.7,1522.37,0,0,1522.37,outofcamp
Nigeria,Jigawa,K/HAUSA,390181,1,347261.09,39018.1,3901.81,0,0,3901.81,outofcamp
Nigeria,Jigawa,KAUGAMA,188287,1,167575.43,18828.7,1882.87,0,0,1882.87,outofcamp
Nigeria,Jigawa,K/KASAMMA,281133,1,250208.37,28113.3,2811.33,0,0,2811.33,outofcamp
Nigeria,Jigawa,M/MADORI,240562,1,214100.18,24056.2,2405.62,0,0,2405.62,outofcamp
Nigeria,Jigawa,B/KUDU,458535,1,412681.5,41268.15,4585.35,0,0,4585.35,outofcamp
Nigeria,Jigawa,BUJI,142015,1,126393.35,12781.35,1420.15,0,0,1420.15,outofcamp
Nigeria,Jigawa,DUTSE,366607,1,329946.3,32994.63,3666.07,0,0,3666.07,outofcamp
Nigeria,Jigawa,JAHUN,335582,1,302023.8,30202.38,3355.82,0,0,3355.82,outofcamp
Nigeria,Jigawa,KIYAWA,252475,1,227227.5,22722.75,2524.75,0,0,2524.75,outofcamp
Nigeria,Jigawa,GWARAM,396143,1,356528.7,35652.87,3961.43,0,0,3961.43,outofcamp
Nigeria,Jigawa,MIGA,186673,1,168005.7,16800.57,1866.73,0,0,1866.73,outofcamp
Nigeria,Jigawa,BABURA,310872,1,276676.08,27978.48,6217.44,0,0,6217.44,outofcamp
Nigeria,Jigawa,GAGARAWA,119927,1,106735.03,10793.43,2398.54,0,0,2398.54,outofcamp
Nigeria,Jigawa,GARKI,219351,1,195222.39,19741.59,4387.02,0,,4387.02,outofcamp
Nigeria,Jigawa,GUMEL,155280,1,138199.2,13975.2,3105.6,0,,3105.6,outofcamp
Nigeria,Jigawa,GWIWA,187920,1,167248.8,16912.8,3758.4,0,,3758.4,outofcamp
Nigeria,Jigawa,KAZAURE,235262,1,209383.18,21173.58,4705.24,0,,4705.24,outofcamp
Nigeria,Jigawa,MAIGATARI,258468,1,230036.52,23262.12,5169.36,0,,5169.36,outofcamp
Nigeria,Jigawa,RINGIM,280876,1,249979.64,25278.84,5617.52,0,,5617.52,outofcamp
Nigeria,Jigawa,RONI,113009,1,100578.01,10170.81,2260.18,0,,2260.18,outofcamp
Nigeria,Jigawa,SULE TANKARKAR,196800,1,175152,17712,3936,0,,3936,outofcamp
Nigeria,Jigawa,TAURA,192491,1,171316.99,17324.19,3849.82,0,,3849.82,outofcamp
Nigeria,Jigawa,YANKWASHI,139620,1,124261.8,12565.8,2792.4,0,,2792.4,outofcamp
Nigeria,Gombe,Akko,508820,1,473202.6,35617.4,0,0,0,0,outofcamp
Nigeria,Gombe,Yamaltu Deba,384413,1,357504.09,26908.91,0,0,0,0,outofcamp
Nigeria,Gombe,Dukku,312036,1,277712.04,31203.6,3120.36,0,0,3120.36,outofcamp
Nigeria,Gombe,Funakaye,355556,1,316444.84,35555.6,3555.56,0,0,3555.56,outofcamp
Nigeria,Gombe,Gombe,403618,1,359220.02,40361.8,4036.18,0,0,4036.18,outofcamp
Nigeria,Gombe,Kwami,294126,1,261772.14,29412.6,2941.26,0,0,2941.26,outofcamp
Nigeria,Gombe,Nafada,208112,1,185219.68,20811.2,2081.12,0,0,2081.12,outofcamp
Nigeria,Gombe,Balanga,320107,1,291297.37,28809.63,0,0,0,0,outofcamp
Nigeria,Gombe,Billiri,304437,1,277037.67,27399.33,0,0,0,0,outofcamp
Nigeria,Gombe,Kaltungo,225612,1,205306.92,20305.08,0,0,0,0,outofcamp
Nigeria,Gombe,Shongom,228195,1,207657.45,20537.55,0,0,0,0,outofcamp
Nigeria,Kaduna,Zangon Kataf,479203,1,412114.58,57504.36,9584.06,0,0,9584.06,outofcamp
Nigeria,Kaduna,Kachia,379418,1,326299.48,45530.16,7588.36,0,0,7588.36,outofcamp
Nigeria,Kaduna,Kagarko,358698,1,308480.28,43043.76,7173.96,0,0,7173.96,outofcamp
Nigeria,Kaduna,Kauru,332408,1,285870.88,39888.96,6648.16,0,0,6648.16,outofcamp
Nigeria,Kaduna,Kaura,262329,1,225602.94,31479.48,5246.58,0,0,5246.58,outofcamp
Nigeria,Kaduna,Jaba,234307,1,201504.02,28116.84,4686.14,0,0,4686.14,outofcamp
Nigeria,Kaduna,Jema'a ,417928,1,359418.08,50151.36,8358.56,0,0,8358.56,outofcamp
Nigeria,Kaduna,Sanga,227565,1,195705.9,27307.8,4551.3,0,0,4551.3,outofcamp
Nigeria,Kaduna,Birnin Gwari,388451,1,318529.82,58267.65,11653.53,0,0,11653.53,outofcamp
Nigeria,Kaduna,Kaduna South,605001,1,496100.82,90750.15,18150.03,0,0,18150.03,outofcamp
Nigeria,Kaduna,Kaduna South,547681,1,449098.42,82152.15,16430.43,0,0,16430.43,outofcamp
Nigeria,Kaduna,Chikun,559243,1,458579.26,83886.45,16777.29,0,0,16777.29,outofcamp
Nigeria,Kaduna,Kajuru,164961,1,135268.02,24744.15,4948.83,0,0,4948.83,outofcamp
Nigeria,Kaduna,Giwa,647098,1,530620.36,97064.7,19412.94,0,0,19412.94,outofcamp
Nigeria,Kaduna,Igabi,647096,1,530618.72,97064.4,19412.88,0,0,19412.88,outofcamp
Nigeria,Kaduna,Lere,510373,1,428713.32,76555.95,5103.73,0,0,5103.73,outofcamp
Nigeria,Kaduna,Zaria,611399,1,513575.16,91709.85,6113.99,0,0,6113.99,outofcamp
Nigeria,Kaduna,Kubau,421686,1,354216.24,63252.9,4216.86,0,0,4216.86,outofcamp
Nigeria,Kaduna,Soba,437412,1,367426.08,65611.8,4374.12,0,0,4374.12,outofcamp
Nigeria,Kaduna,Makarfi,220190,1,184959.6,33028.5,2201.9,0,0,2201.9,outofcamp
Nigeria,Kaduna,Sabon Gari,437692,1,367661.28,65653.8,4376.92,0,0,4376.92,outofcamp
Nigeria,Kaduna,Ikara,292520,1,245716.8,43878,2925.2,0,0,2925.2,outofcamp
Nigeria,Kaduna,Kudan,208745,1,175345.8,31311.75,2087.45,0,0,2087.45,outofcamp
Nigeria,Kano,DALA ,665416.9078,1,552296.0335,86504.19802,26616.67631,0,0,26616.67631,outofcamp
Nigeria,Kano,D/KUDU ,358290.8999,1,297381.4469,46577.81699,14331.636,0,0,14331.636,outofcamp
Nigeria,Kano,FAGGE ,317955.187,1,263902.8052,41334.17431,12718.20748,0,0,12718.20748,outofcamp
Nigeria,Kano,G/MALLAM ,188492.8669,1,156449.0795,24504.07269,7539.714675,0,0,7539.714675,outofcamp
Nigeria,Kano,GEZAWA ,448625.1633,1,372358.8855,58321.27123,17945.00653,0,0,17945.00653,outofcamp
Nigeria,Kano,GWALE ,568594.6711,1,471933.577,73917.30724,22743.78684,0,0,22743.78684,outofcamp
Nigeria,Kano,KUMBOTSO ,467793.5254,1,388268.6261,60813.1583,18711.74102,0,0,18711.74102,outofcamp
Nigeria,Kano,KURA ,227379.3925,1,188724.8957,29559.32102,9095.175698,0,0,9095.175698,outofcamp
Nigeria,Kano,MADOBI ,218784.3771,1,181591.033,28441.96902,8751.375082,0,0,8751.375082,outofcamp
Nigeria,Kano,MUNICIPAL ,589912.9788,1,489627.7724,76688.68725,23596.51915,0,0,23596.51915,outofcamp
Nigeria,Kano,NASSARAWA ,947709.6932,1,786599.0453,123202.2601,37908.38773,0,0,37908.38773,outofcamp
Nigeria,Kano,TARAUNI ,352514.808,1,292587.2907,45826.92504,14100.59232,0,0,14100.59232,outofcamp
Nigeria,Kano,UNGOGO ,578527.6423,1,480177.9431,75208.5935,23141.10569,0,0,23141.10569,outofcamp
Nigeria,Kano,WARAWA ,209525.1508,1,173905.8752,27238.26961,8381.006033,0,0,8381.006033,outofcamp
Nigeria,Kano,MINJIBIR ,348966.5238,1,289642.2148,45365.64809,13958.66095,0,0,13958.66095,outofcamp
Nigeria,Kano,BAGWAI ,256679,1,220743.94,30801.48,5133.58,0,0,5133.58,outofcamp
Nigeria,Kano,BICHI ,442238,1,380324.68,53068.56,8844.76,0,0,8844.76,outofcamp
Nigeria,Kano,DANBATTA ,334447,1,287624.42,40133.64,6688.94,0,0,6688.94,outofcamp
Nigeria,Kano,D/TOFA ,391212,1,336442.32,46945.44,7824.24,0,0,7824.24,outofcamp
Nigeria,Kano,GABASAWA ,335607,1,288622.02,40272.84,6712.14,0,0,6712.14,outofcamp
Nigeria,Kano,GWARZO ,291782,1,250932.52,35013.84,5835.64,0,0,5835.64,outofcamp
Nigeria,Kano,KABO ,243371,1,209299.06,29204.52,4867.42,0,0,4867.42,outofcamp
Nigeria,Kano,KUNCHI ,175062,1,150553.32,21007.44,3501.24,0,0,3501.24,outofcamp
Nigeria,Kano,MAKODA ,349734,1,300771.24,41968.08,6994.68,0,0,6994.68,outofcamp
Nigeria,Kano,R/GADO ,164258,1,141261.88,19710.96,3285.16,0,0,3285.16,outofcamp
Nigeria,Kano,SHANONO ,221077,1,190126.22,26529.24,4421.54,0,0,4421.54,outofcamp
Nigeria,Kano,TOFA ,156682,1,134746.52,18801.84,3133.64,0,0,3133.64,outofcamp
Nigeria,Kano,TSANYAWA ,250636,1,215546.96,30076.32,5012.72,0,0,5012.72,outofcamp
Nigeria,Kano,AJINGI ,274280,1,235880.8,32913.6,5485.6,0,0,5485.6,outofcamp
Nigeria,Kano,ALBASU ,298162,1,256419.32,35779.44,5963.24,0,0,5963.24,outofcamp
Nigeria,Kano,BEBEJI ,304958,1,262263.88,36594.96,6099.16,0,0,6099.16,outofcamp
Nigeria,Kano,BUNKURE ,277231,1,238418.66,33267.72,5544.62,0,0,5544.62,outofcamp
Nigeria,Kano,DOGUWA ,239378,1,205865.08,28725.36,4787.56,0,0,4787.56,outofcamp
Nigeria,Kano,GARKO ,257367,1,221335.62,30884.04,5147.34,0,0,5147.34,outofcamp
Nigeria,Kano,GAYA ,329593,1,283449.98,39551.16,6591.86,0,0,6591.86,outofcamp
Nigeria,Kano,KARAYE ,228890,1,196845.4,27466.8,4577.8,0,0,4577.8,outofcamp
Nigeria,Kano,KIBIYA ,220266,1,189428.76,26431.92,4405.32,0,0,4405.32,outofcamp
Nigeria,Kano,KIRU ,424535,1,365100.1,50944.2,8490.7,0,0,8490.7,outofcamp
Nigeria,Kano,RANO ,235613,1,202627.18,28273.56,4712.26,0,0,4712.26,outofcamp
Nigeria,Kano,ROGO ,361672,1,311037.92,43400.64,7233.44,0,0,7233.44,outofcamp
Nigeria,Kano,SUMAILA ,397857,1,342157.02,47742.84,7957.14,0,0,7957.14,outofcamp
Nigeria,Kano,TAKAI ,321997,1,276917.42,38639.64,6439.94,0,0,6439.94,outofcamp
Nigeria,Kano,T/WADA ,363342,1,312474.12,43601.04,7266.84,0,0,7266.84,outofcamp
Nigeria,Kano,WUDIL ,299751,1,257785.86,35970.12,5995.02,0,0,5995.02,outofcamp
Nigeria,Katsina,Ingawa,228300,1,216885,11415,0,0,0,0,outofcamp
Nigeria,Katsina,Kusada,132800,1,126160,6640,0,0,0,0,outofcamp
Nigeria,Katsina,Mashi,230900,1,219355,11545,0,0,0,0,outofcamp
Nigeria,Katsina,Mani,238000,1,226100,11900,0,0,0,0,outofcamp
Nigeria,Katsina,Sandamu,184900,1,175655,9245,0,0,0,0,outofcamp
Nigeria,Katsina,Baure,273900,1,260205,13695,0,0,0,0,outofcamp
Nigeria,Katsina,Mai Addua,272400,1,258780,13620,0,0,0,0,outofcamp
Nigeria,Katsina,Daura,303600,1,288420,15180,0,0,0,0,outofcamp
Nigeria,Katsina,Zango,210600,1,200070,10530,0,0,0,0,outofcamp
Nigeria,Katsina,Kankia,204400,1,194180,10220,0,0,0,0,outofcamp
Nigeria,Katsina,Bindawa,203800,1,193610,10190,0,0,0,0,outofcamp
Nigeria,Katsina,Dutsi,163200,1,155040,8160,0,0,0,0,outofcamp
Nigeria,Katsina,Katsina,429400,1,386460,42940,4294,0,0,4294,outofcamp
Nigeria,Katsina,Jibia,226000,1,203400,22600,2260,0,0,2260,outofcamp
Nigeria,Katsina,Charanchi,184900,1,166410,18490,1849,0,0,1849,outofcamp
Nigeria,Katsina,Dan Musa,152800,1,137520,15280,1528,0,0,1528,outofcamp
Nigeria,Katsina,Dutsinma,229200,1,206280,22920,2292,0,0,2292,outofcamp
Nigeria,Katsina,Kaita,246200,1,221580,24620,2462,0,0,2462,outofcamp
Nigeria,Katsina,Batagarwa,255200,1,229680,25520,2552,0,0,2552,outofcamp
Nigeria,Katsina,Kurfi,157500,1,141750,15750,1575,0,0,1575,outofcamp
Nigeria,Katsina,Batsari,280600,1,252540,28060,2806,0,0,2806,outofcamp
Nigeria,Katsina,Safana,250000,1,225000,25000,2500,0,0,2500,outofcamp
Nigeria,Katsina,Rimi,208000,1,187200,20800,2080,0,0,2080,outofcamp
Nigeria,Katsina,Danja,169400,1,157542,11858,0,0,0,0,outofcamp
Nigeria,Katsina,Dandume,196200,1,182466,13734,0,0,0,0,outofcamp
Nigeria,Katsina,Funtua,303900,1,282627,21273,0,0,0,0,outofcamp
Nigeria,Katsina,Faskari,262400,1,244032,18368,0,0,0,0,outofcamp
Nigeria,Katsina,Sabuwa,189900,1,176607,13293,0,0,0,0,outofcamp
Nigeria,Katsina,Kankara,328400,1,305412,22988,0,0,0,0,outofcamp
Nigeria,Katsina,Malumfashi,246900,1,229617,17283,0,0,0,0,outofcamp
Nigeria,Katsina,Musawa,229500,1,213435,16065,0,0,0,0,outofcamp
Nigeria,Katsina,Bakori,201800,1,187674,14126,0,0,0,0,outofcamp
Nigeria,Katsina,Matazu,153600,1,142848,10752,0,0,0,0,outofcamp
Nigeria,Katsina,Kafur,282600,1,262818,19782,0,0,0,0,outofcamp
Nigeria,Kebbi,ALIERO,101287,1,87106.82,13167.31,1012.87,0,0,1012.87,outofcamp
Nigeria,Kebbi,BIRNIN KEBBI,405612,1,348826.32,52729.56,4056.12,0,0,4056.12,outofcamp
Nigeria,Kebbi,BUNZA,186554,1,160436.44,24252.02,1865.54,0,0,1865.54,outofcamp
Nigeria,Kebbi,GWANDU,228123,1,196185.78,29655.99,2281.23,0,0,2281.23,outofcamp
Nigeria,Kebbi,JEGA,298610,1,256804.6,38819.3,2986.1,0,0,2986.1,outofcamp
Nigeria,Kebbi,KALGO,128240,1,110286.4,16671.2,1282.4,0,0,1282.4,outofcamp
Nigeria,Kebbi,KOKO/BESSE,233772,1,201043.92,30390.36,2337.72,0,0,2337.72,outofcamp
Nigeria,Kebbi,MAIYAMA,262372,1,225639.92,34108.36,2623.72,0,0,2623.72,outofcamp
Nigeria,Kebbi,AREWA,286486,1,252107.68,31513.46,2864.86,0,0,2864.86,outofcamp
Nigeria,Kebbi,ARGUNGU,302371,1,266086.48,33260.81,3023.71,0,0,3023.71,outofcamp
Nigeria,Kebbi,AUGIE,175714,1,154628.32,19328.54,1757.14,0,0,1757.14,outofcamp
Nigeria,Kebbi,BAGUDO,359397,1,316269.36,39533.67,3593.97,0,0,3593.97,outofcamp
Nigeria,Kebbi,DANDI,220776,1,194282.88,24285.36,2207.76,0,0,2207.76,outofcamp
Nigeria,Kebbi,SURU,224194,1,197290.72,24661.34,2241.94,0,0,2241.94,outofcamp
Nigeria,Kebbi,DANKO/WASAGU,400556,1,336467.04,60083.4,4005.56,0,0,4005.56,outofcamp
Nigeria,Kebbi,FAKAI,180854,1,151917.36,27128.1,1808.54,0,0,1808.54,outofcamp
Nigeria,Kebbi,NGASKI,190412,1,159946.08,28561.8,1904.12,0,0,1904.12,outofcamp
Nigeria,Kebbi,SAKABA,138508,1,116346.72,20776.2,1385.08,0,0,1385.08,outofcamp
Nigeria,Kebbi,SHANGA,191982,1,161264.88,28797.3,1919.82,0,0,1919.82,outofcamp
Nigeria,Kebbi,YAURI,151851,1,127554.84,22777.65,1518.51,0,0,1518.51,outofcamp
Nigeria,Kebbi,ZURU,249654,1,209709.36,37448.1,2496.54,0,0,2496.54,outofcamp
Nigeria,Niger,Agaie,204034,1,175469.24,26524.42,2040.34,0,0,2040.34,outofcamp
Nigeria,Niger,Bida,286603,1,246478.58,37258.39,2866.03,0,0,2866.03,outofcamp
Nigeria,Niger,Edati,246849,1,212290.14,32090.37,2468.49,0,0,2468.49,outofcamp
Nigeria,Niger,Gbako,195923,1,168493.78,25469.99,1959.23,0,0,1959.23,outofcamp
Nigeria,Niger,katcha,186682,1,160546.52,24268.66,1866.82,0,0,1866.82,outofcamp
Nigeria,Niger,Lapai,177703,1,152824.58,23101.39,1777.03,0,0,1777.03,outofcamp
Nigeria,Niger,Lavun,324139,1,278759.54,42138.07,3241.39,0,0,3241.39,outofcamp
Nigeria,Niger,Mokwa,372011,1,319929.46,48361.43,3720.11,0,0,3720.11,outofcamp
Nigeria,Niger,Bosso,228814,1,192203.76,32033.96,4576.28,0,0,4576.28,outofcamp
Nigeria,Niger,Chanchaga,316813,1,266122.92,44353.82,6336.26,0,0,6336.26,outofcamp
Nigeria,Niger,Gurara,141862,1,119164.08,19860.68,2837.24,0,0,2837.24,outofcamp
Nigeria,Niger,Munya,159804,1,134235.36,22372.56,3196.08,0,0,3196.08,outofcamp
Nigeria,Niger,Paikoro,244347,1,205251.48,34208.58,4886.94,0,0,4886.94,outofcamp
Nigeria,Niger,Rafi,284094,1,238638.96,39773.16,5681.88,0,0,5681.88,outofcamp
Nigeria,Niger,Shiroro,364003,1,305762.52,50960.42,7280.06,0,0,7280.06,outofcamp
Nigeria,Niger,Suleja,332199,1,279047.16,46507.86,6643.98,0,0,6643.98,outofcamp
Nigeria,Niger,Tafa,128481,1,107924.04,17987.34,2569.62,0,0,2569.62,outofcamp
Nigeria,Niger,Agwara,88491,1,76987.17,10618.92,884.91,0,0,884.91,outofcamp
Nigeria,Niger,Borgu,266956,1,232251.72,32034.72,2669.56,0,0,2669.56,outofcamp
Nigeria,Niger,Kontagora,240314,1,209073.18,28837.68,2403.14,0,0,2403.14,outofcamp
Nigeria,Niger,Magama,280296,1,243857.52,33635.52,2802.96,0,0,2802.96,outofcamp
Nigeria,Niger,Mariga,308299,1,268220.13,36995.88,3082.99,0,0,3082.99,outofcamp
Nigeria,Niger,Mashegu,332388,1,289177.56,39886.56,3323.88,0,0,3323.88,outofcamp
Nigeria,Niger,Rijau,272285,1,236887.95,32674.2,2722.85,0,0,2722.85,outofcamp
Nigeria,Niger,Wushishi,126276,1,109860.12,15153.12,1262.76,0,0,1262.76,outofcamp
Nigeria,Plateau,L/North,205070,1,172258.8,30760.5,2050.7,0,0,2050.7,outofcamp
Nigeria,Plateau,L/South,151548,1,127300.32,22732.2,1515.48,0,0,1515.48,outofcamp
Nigeria,Plateau,Mikang,138890,1,116667.6,20833.5,1388.9,0,0,1388.9,outofcamp
Nigeria,Plateau,Q/Pan,284265,1,238782.6,42639.75,2842.65,0,0,2842.65,outofcamp
Nigeria,Plateau,Shendam,295566,1,248275.44,44334.9,2955.66,0,0,2955.66,outofcamp
Nigeria,Plateau,Wase,230351,1,193494.84,34552.65,2303.51,0,0,2303.51,outofcamp
Nigeria,Plateau,Bokkos,258722,1,226899.194,25872.2,5950.606,0,0,5950.606,outofcamp
Nigeria,Plateau,Kanam,241530,1,211821.81,24153,5555.19,0,0,5555.19,outofcamp
Nigeria,Plateau,Kanke,179064,1,157039.128,17906.4,4118.472,0,0,4118.472,outofcamp
Nigeria,Plateau,Mangu,433033,1,379769.941,43303.3,9959.759,0,0,9959.759,outofcamp
Nigeria,Plateau,Pankshin,273943,1,240248.011,27394.3,6300.689,0,0,6300.689,outofcamp
Nigeria,Plateau,Barkin Ladi,259090,1,213749.25,38863.5,6477.25,0,0,6477.25,outofcamp
Nigeria,Plateau,Bassa,273541,1,225671.325,41031.15,6838.525,0,0,6838.525,outofcamp
Nigeria,Plateau,Jos East,127237,1,104970.525,19085.55,3180.925,0,0,3180.925,outofcamp
Nigeria,Plateau,Jos North,630007,1,519755.775,94501.05,15750.175,0,0,15750.175,outofcamp
Nigeria,Plateau,Jos South,448699,1,370176.675,67304.85,11217.475,0,0,11217.475,outofcamp
Nigeria,Plateau,Riyom,189885,1,156655.125,28482.75,4747.125,0,0,4747.125,outofcamp
Nigeria,Sokoto,BINJI,180228,1,160402.92,18022.8,1802.28,0,0,1802.28,outofcamp
Nigeria,Sokoto,GUDU,189063,1,168266.07,18906.3,1890.63,0,0,1890.63,outofcamp
Nigeria,Sokoto,KWARE,151179,1,134549.31,15117.9,1511.79,0,0,1511.79,outofcamp
Nigeria,Sokoto,SILAME,155610,1,138492.9,15561,1556.1,0,0,1556.1,outofcamp
Nigeria,Sokoto,SOKOTO NORTH,333182,1,296531.98,33318.2,3331.82,0,0,3331.82,outofcamp
Nigeria,Sokoto,SOKOTO SOUTH,290232,1,258306.48,29023.2,2902.32,0,0,2902.32,outofcamp
Nigeria,Sokoto,TANGAZA,146252,1,130164.28,14625.2,1462.52,0,0,1462.52,outofcamp
Nigeria,Sokoto,WAMAKKO,220337,1,196099.93,22033.7,2203.37,0,0,2203.37,outofcamp
Nigeria,Sokoto,GADA,385468,1,350775.88,30837.44,3854.68,0,0,3854.68,outofcamp
Nigeria,Sokoto,GORONYO,284933,1,259289.03,22794.64,2849.33,0,0,2849.33,outofcamp
Nigeria,Sokoto,GWDABAWA,345568,1,314466.88,27645.44,3455.68,0,0,3455.68,outofcamp
Nigeria,Sokoto,ILLELA,167255,1,152202.05,13380.4,1672.55,0,0,1672.55,outofcamp
Nigeria,Sokoto,ISA,244893,1,222852.63,19591.44,2448.93,0,0,2448.93,outofcamp
Nigeria,Sokoto,RABAH,225375,1,205091.25,18030,2253.75,0,0,2253.75,outofcamp
Nigeria,Sokoto,SABON BIRNI,267893,1,243782.63,21431.44,2678.93,0,0,2678.93,outofcamp
Nigeria,Sokoto,WURNO,241889,1,220118.99,19351.12,2418.89,0,0,2418.89,outofcamp
Nigeria,Sokoto,BODINGA,248636,1,213826.96,32322.68,2486.36,0,0,2486.36,outofcamp
Nigeria,Sokoto,DANGE SHUNI,268750,1,231125,34937.5,2687.5,0,0,2687.5,outofcamp
Nigeria,Sokoto,KEBBE,229026,1,196962.36,29773.38,2290.26,0,0,2290.26,outofcamp
Nigeria,Sokoto,SHAGARI,249349,1,214440.14,32415.37,2493.49,0,0,2493.49,outofcamp
Nigeria,Sokoto,TAMBUWAL,323813,1,278479.18,42095.69,3238.13,0,0,3238.13,outofcamp
Nigeria,Sokoto,TURETA,107424,1,92384.64,13965.12,1074.24,0,0,1074.24,outofcamp
Nigeria,Sokoto,YABO,160960,1,138425.6,20924.8,1609.6,0,0,1609.6,outofcamp
Nigeria,Taraba,BALI,309817,1,275737.13,30981.7,3098.17,0,0,3098.17,outofcamp
Nigeria,Taraba,GASHAKA,127972,1,113895.08,12797.2,1279.72,0,0,1279.72,outofcamp
Nigeria,Taraba,GASSOL,389837,1,346954.93,38983.7,3898.37,0,0,3898.37,outofcamp
Nigeria,Taraba,KURMI,134015,1,119273.35,13401.5,1340.15,0,0,1340.15,outofcamp
Nigeria,Taraba,SARDAUNA,329403,1,293168.67,32940.3,3294.03,0,0,3294.03,outofcamp
Nigeria,Taraba,ARDO KOLA,131816,1,115998.08,14499.76,1318.16,0,0,1318.16,outofcamp
Nigeria,Taraba,JALINGO,206007,1,181286.16,22660.77,2060.07,0,0,2060.07,outofcamp
Nigeria,Taraba,KARIM LAMIDO,284709,1,250543.92,31317.99,2847.09,0,0,2847.09,outofcamp
Nigeria,Taraba,LAU,139753,1,122982.64,15372.83,1397.53,0,0,1397.53,outofcamp
Nigeria,Taraba,YORRO,131934,1,116101.92,14512.74,1319.34,0,0,1319.34,outofcamp
Nigeria,Taraba,ZING,187460,1,164964.8,20620.6,1874.6,0,0,1874.6,outofcamp
Nigeria,Taraba,DONGA,195417,1,168058.62,25404.21,1954.17,0,0,1954.17,outofcamp
Nigeria,Taraba,IBI,123776,1,106447.36,16090.88,1237.76,0,0,1237.76,outofcamp
Nigeria,Taraba,TAKUM,226887,1,195122.82,29495.31,2268.87,0,0,2268.87,outofcamp
Nigeria,Taraba,USSA,133438,1,114756.68,17346.94,1334.38,0,0,1334.38,outofcamp
Nigeria,Taraba,WUKARI,349834,1,300857.24,45478.42,3498.34,0,0,3498.34,outofcamp
Nigeria,Yobe,Bursari,170665,2,88745.8,59732.75,18773.15,3413.3,0,22186.45,outofcamp
Nigeria,Yobe,Damaturu,137650,2,64695.5,49554,19271,4129.5,0,23400.5,outofcamp
Nigeria,Yobe,Geidam,246002,3,44280.36,93480.76,83640.68,24600.2,0,108240.88,outofcamp
Nigeria,Yobe,Gujba,203452,3,69173.68,77311.76,48828.48,8138.08,0,56966.56,outofcamp
Nigeria,Yobe,Gulani,161885,3,61516.3,55040.9,40471.25,4856.55,0,45327.8,outofcamp
Nigeria,Yobe,Tarmuwa,120744,3,38638.08,42260.4,35015.76,4829.76,0,39845.52,outofcamp
Nigeria,Yobe,Yunusari,196779,3,39355.8,78711.6,62969.28,15742.32,0,78711.6,outofcamp
Nigeria,Yobe,Bade,378613,3,177948.11,87080.99,90867.12,22716.78,0,113583.9,outofcamp
Nigeria,Yobe,Jakusko,358276,2,175555.24,125396.6,50158.64,7165.52,0,57324.16,outofcamp
Nigeria,Yobe,Karasuwa,167331,3,73625.64,51872.61,35139.51,6693.24,0,41832.75,outofcamp
Nigeria,Yobe,Machina,106349,2,70190.34,23396.78,11698.39,1063.49,0,12761.88,outofcamp
Nigeria,Yobe,Yusufari,173734,2,90341.68,59069.56,20848.08,3474.68,0,24322.76,outofcamp
Nigeria,Yobe,Nangere,237351,3,102060.93,75952.32,52217.22,7120.53,0,59337.75,outofcamp
Nigeria,Yobe,Fune,470375,2,244595,141112.5,61148.75,23518.75,0,84667.5,outofcamp
Nigeria,Yobe,Fika,294198,2,158866.92,82375.44,35303.76,17651.88,0,52955.64,outofcamp
Nigeria,Yobe,Nguru,295582,2,159614.28,85718.78,38425.66,11823.28,0,50248.94,outofcamp
Nigeria,Yobe,Potiskum,621981,2,348309.36,192814.11,68417.91,12439.62,0,80857.53,outofcamp
Nigeria,Zamfara,Gusau,579397,1,475105.54,86909.55,17381.91,0,0,17381.91,outofcamp
Nigeria,Zamfara,Bubgudu,389942,1,319752.44,58491.3,11698.26,0,0,11698.26,outofcamp
Nigeria,Zamfara,Tsafe,402174,1,329782.68,60326.1,12065.22,0,0,12065.22,outofcamp
Nigeria,Zamfara,Maru,441320,1,361882.4,66198,13239.6,0,0,13239.6,outofcamp
Nigeria,Zamfara,Kaura Namoda,425395,1,357331.8,55301.35,12761.85,0,0,12761.85,outofcamp
Nigeria,Zamfara,Sinkafi,205086,1,172272.24,26661.18,6152.58,0,0,6152.58,outofcamp
Nigeria,Zamfara,Zurmi,444248,1,373168.32,57752.24,13327.44,0,0,13327.44,outofcamp
Nigeria,Zamfara,Birnin Magaji,270052,1,226843.68,35106.76,8101.56,0,0,8101.56,outofcamp
Nigeria,Zamfara,Maradun,318785,1,280530.8,38254.2,0,0,0,0,outofcamp
Nigeria,Zamfara,Anka,115110,1,101296.8,13813.2,0,0,0,0,outofcamp
Nigeria,Zamfara,Bakura,282579,1,248669.52,33909.48,0,0,0,0,outofcamp
Nigeria,Zamfara,Gummi,309240,1,272131.2,37108.8,0,0,0,0,outofcamp
Nigeria,Zamfara,Bukkuyum,319965,1,281569.2,38395.8,0,0,0,0,outofcamp
Nigeria,Zamfara,Talata Nafara,325234,1,286205.92,39028.08,0,0,0,0,outofcamp
Nigeria,Borno,Konduga,90537,3,13580.55,31687.95,45268.5,0,0,45268.5,incamp
Nigeria,Borno,Dikwa,60777,3,24310.8,21271.95,15194.25,0,0,15194.25,incamp
Nigeria,Borno,Jere,142662,3,14266.2,57064.8,71331,0,0,71331,incamp
Nigeria,Borno,MMC,98736,3,24684,34557.6,39494.4,0,0,39494.4,incamp
Nigeria,Borno,Ngala,55168,3,22067.2,19308.8,13792,0,0,13792,incamp
Nigeria,Borno,Bama,12484,3,4993.6,4369.4,3121,0,0,3121,incamp
Nigeria,Borno,Damboa,31566,3,14204.7,9469.8,7891.5,0,0,7891.5,incamp
Nigeria,Borno,Gwoza,47175,3,14152.5,16511.25,16511.25,0,0,16511.25,incamp
Nigeria,Borno,Monguno,140991,3,35247.75,56396.4,49346.85,0,0,49346.85,incamp
