country,region_orig,adm1_orig,adm2_orig,region_new
Benin,NA,Alibori,Banikoara,
Benin,NA,Alibori,Gogounou,
Benin,NA,Alibori,Kandi,
Benin,NA,Alibori,Karimama,
Benin,NA,Alibori,Malanville,
Benin,NA,Alibori,Segbana,
Benin,NA,Atacora,Boukombe,
Benin,NA,Atacora,Kerou,
Benin,NA,Atacora,Kobli,
Benin,NA,Atacora,Kouande,
Benin,NA,Atacora,Materi,
Benin,NA,Atacora,Natitingou,
Benin,NA,Atacora,Pehunco,
Benin,NA,Atacora,Tanguieta,
Benin,NA,Atacora,Toucountouna,
Benin,NA,Atlantique,Abomey-Calavi,
Benin,NA,Atlantique,Allada,
Benin,NA,Atlantique,Kpomasse,
Benin,NA,Atlantique,Ouidah,
Benin,NA,Atlantique,So-Ava,
Benin,NA,Atlantique,Toffo,
Benin,NA,Atlantique,Tori-Bossito,
Benin,NA,Atlantique,Ze,
Benin,NA,Borgou,Bembereke,
Benin,NA,Borgou,Kalale,
Benin,NA,Borgou,N'dali,
Benin,NA,Borgou,Nikki,
Benin,NA,Borgou,Parakou,
Benin,NA,Borgou,Perere,
Benin,NA,Borgou,Sinende,
Benin,NA,Borgou,Tchaourou,
Benin,NA,Collines,Bante,
Benin,NA,Collines,Dassa-Zoume,
Benin,NA,Collines,Glazoue,
Benin,NA,Collines,Ouesse,
Benin,NA,Collines,Savalou,
Benin,NA,Collines,Save,
Benin,NA,Couffo,Aplahoue,
Benin,NA,Couffo,Djakotomey,
Benin,NA,Couffo,Dogbo,
Benin,NA,Couffo,Klouekanme,
Benin,NA,Couffo,Lalo,
Benin,NA,Couffo,Toviklin,
Benin,NA,Donga,Bassila,
Benin,NA,Donga,Copargo,
Benin,NA,Donga,Djougou,
Benin,NA,Donga,Ouake,
Benin,NA,Littoral,Cotonou,
Benin,NA,Mono,Athieme,
Benin,NA,Mono,Bopa,
Benin,NA,Mono,Come,
Benin,NA,Mono,Grand-Popo,
Benin,NA,Mono,Houeyogbe,
Benin,NA,Mono,Lokossa,
Benin,NA,Oueme,Adjarra,
Benin,NA,Oueme,Adjohoun,
Benin,NA,Oueme,Aguegues,
Benin,NA,Oueme,Akpo-Misserete,
Benin,NA,Oueme,Avrankou,
Benin,NA,Oueme,Bonou,
Benin,NA,Oueme,Dangbo,
Benin,NA,Oueme,Porto-Novo,
Benin,NA,Oueme,Seme-Kpodji,
Benin,NA,Plateau,Adja-Ouere,
Benin,NA,Plateau,Ifangni,
Benin,NA,Plateau,Ketou,
Benin,NA,Plateau,Pobe,
Benin,NA,Plateau,Sakete,
Benin,NA,Zou,Abomey,
Benin,NA,Zou,Agbangnizoun,
Benin,NA,Zou,Bohicon,
Benin,NA,Zou,Cove,
Benin,NA,Zou,Djidja,
Benin,NA,Zou,Ouinhi,
Benin,NA,Zou,Zagnanado,
Benin,NA,Zou,Za-Kpota,
Benin,NA,Zou,Zogbodomey,
Benin,NA,ATACORA,Boukombé,
Benin,NA,ATACORA,Cobly,
Benin,NA,ATACORA,Kérou,
Benin,NA,ATACORA,Kouandé,
Benin,NA,ATACORA,Matéri,
Benin,NA,ATACORA,Natitingou,
Benin,NA,ATACORA,Péhunco,
Benin,NA,ATACORA,Tanguiéta,
Benin,NA,ATACORA,Toucountouna,
Benin,NA,DONGA,Bassila,
Benin,NA,DONGA,Copargo,
Benin,NA,DONGA,Djougou,
Benin,NA,DONGA,Ouaké,
Benin,NA,Altantique,Allada,
Benin,NA,Altantique,Kpomassè,
Benin,NA,Altantique,Abomey-calavi,
Benin,NA,Altantique,Ouidah,
Benin,NA,Altantique,Toffo,
Benin,NA,Altantique,Torri-Bossito,
Benin,NA,Altantique,Zè,
Benin,NA,Altantique,Sô-Ava,
Benin,NA,LITTORAL,COTONOU,
Benin,NA,Alibori,Ségbana,
Benin,NA,Borgou,Kalalé,
Benin,NA,Couffo,Aplahoué,
Benin,NA,Couffo,Klouèkamey,
Benin,NA,Mono,Athiémé,
Benin,NA,Mono,Comè,
Benin,NA,Mono,Grand-popo,
Benin,NA,Mono,Houéyogbé,
Benin,NA,Ouémé,Adjarra,
Benin,NA,Ouémé,Adjohou,
Benin,NA,Ouémé,Aguégués,
Benin,NA,Ouémé,Akpro Missereté,
Benin,NA,Ouémé,Avrankou,
Benin,NA,Ouémé,Bonou,
Benin,NA,Ouémé,Dangbo,
Benin,NA,Ouémé,Porto-Novo,
Benin,NA,Ouémé,Sèmè-Podji,
Benin,NA,Plateau,Adja Ouèrè,
Benin,NA,Plateau,Kétou,
Benin,NA,Plateau,Pobè,
Benin,NA,Plateau,Sakété,
Benin,NA,Collines,Bantè,
Benin,NA,Collines,Dassa-Zoumè,
Benin,NA,Collines,Glazoué,
Benin,NA,Collines,Savè,
Benin,NA,Collines,Ouessè,
Benin,NA,Zou,Za-kpota,
Burkina Faso,NA,Centre,Kadiogo,
Burkina Faso,NA,Plateau Central,Ganzourgou,
Burkina Faso,NA,Plateau Central,Oubritenga,
Burkina Faso,NA,Plateau Central,Kourweogo,
Burkina Faso,NA,Centre-Nord,Bam,
Burkina Faso,NA,Centre-Nord,Namentenga,
Burkina Faso,NA,Centre-Nord,Sanmatenga,
Burkina Faso,NA,Centre-Ouest,Boulkiemde,
Burkina Faso,NA,Centre-Ouest,Sanguie,
Burkina Faso,NA,Centre-Ouest,Sissili,
Burkina Faso,NA,Centre-Ouest,Ziro,
Burkina Faso,NA,Centre-Sud,Bazega,
Burkina Faso,NA,Centre-Sud,Nahouri,
Burkina Faso,NA,Centre-Sud,Zoundweogo,
Burkina Faso,NA,Sahel,Oudalan,
Burkina Faso,NA,Sahel,Seno,
Burkina Faso,NA,Sahel,Soum,
Burkina Faso,NA,Sahel,Yagha,
Burkina Faso,NA,Boucle du Mouhoun,Kossi,
Burkina Faso,NA,Boucle du Mouhoun,Mouhoun,
Burkina Faso,NA,Boucle du Mouhoun,Sourou,
Burkina Faso,NA,Boucle du Mouhoun,Bale,
Burkina Faso,NA,Boucle du Mouhoun,Banwa,
Burkina Faso,NA,Boucle du Mouhoun,Nayala,
Burkina Faso,NA,Est,Gnagna,
Burkina Faso,NA,Est,Gourma,
Burkina Faso,NA,Est,Tapoa,
Burkina Faso,NA,Est,Komonjdjari,
Burkina Faso,NA,Est,Kompienga,
Burkina Faso,NA,Centre-Est,Boulgou,
Burkina Faso,NA,Centre-Est,Kouritenga,
Burkina Faso,NA,Centre-Est,Koulpelogo,
Burkina Faso,NA,Nord,Loroum,
Burkina Faso,NA,Nord,Passore,
Burkina Faso,NA,Nord,Yatenga,
Burkina Faso,NA,Nord,Zondoma,
Burkina Faso,NA,Sud-Ouest,Bougouriba,
Burkina Faso,NA,Sud-Ouest,Poni,
Burkina Faso,NA,Sud-Ouest,Ioba,
Burkina Faso,NA,Sud-Ouest,Noumbiel,
Burkina Faso,NA,Hauts-Bassins,Houet,
Burkina Faso,NA,Hauts-Bassins,Kenedougou,
Burkina Faso,NA,Hauts-Bassins,Tuy,
Burkina Faso,NA,Cascades,Comoe,
Burkina Faso,NA,Cascades,Leraba,
Burkina Faso,NA,CENTRE,Kadiogo,
Burkina Faso,NA,PLATEAU CENTRAL,Ganzourgou,
Burkina Faso,NA,PLATEAU CENTRAL,Oubritenga,
Burkina Faso,NA,PLATEAU CENTRAL,Kourweogo,
Burkina Faso,NA,CENTRE-NORD,Bam,
Burkina Faso,NA,CENTRE-NORD,Namentenga,
Burkina Faso,NA,CENTRE-NORD,Sanmatenga,
Burkina Faso,NA,CENTRE-OUEST,Boulkiemde,
Burkina Faso,NA,Centre,KADIOGO,
Burkina Faso,NA,Plateau Central,GANZOURGOU,
Burkina Faso,NA,Plateau Central,OUBRITENGA,
Burkina Faso,NA,Plateau Central,KOURWEOGO,
Burkina Faso,NA,Centre-Nord,BAM,
Burkina Faso,NA,Centre-Nord,NAMENTENGA,
Burkina Faso,NA,Centre-Nord,SANMATENGA,
Burkina Faso,NA,Centre-Ouest,BOULKIEMDE,
Burkina Faso,NA,Centre-Ouest,SANGUIE,
Burkina Faso,NA,Centre-Ouest,SISSILI,
Burkina Faso,NA,Centre-Ouest,ZIRO,
Burkina Faso,NA,Centre-Sud,BAZEGA,
Burkina Faso,NA,Centre-Sud,NAHOURI,
Burkina Faso,NA,Centre-Sud,ZOUNDWEOGO,
Burkina Faso,NA,Sahel,OUDALAN,
Burkina Faso,NA,Sahel,SENO,
Burkina Faso,NA,Sahel,SOUM,
Burkina Faso,NA,Sahel,YAGHA,
Burkina Faso,NA,Boucle du Mouhoun,KOSSI,
Burkina Faso,NA,Boucle du Mouhoun,MOUHOUN,
Burkina Faso,NA,Boucle du Mouhoun,SOUROU,
Burkina Faso,NA,Boucle du Mouhoun,BALE,
Burkina Faso,NA,Boucle du Mouhoun,BANWA,
Burkina Faso,NA,Boucle du Mouhoun,NAYALA,
Burkina Faso,NA,Est,GNAGNA,
Burkina Faso,NA,Est,GOURMA,
Burkina Faso,NA,Est,TAPOA,
Burkina Faso,NA,Est,KOMPIENGA,
Burkina Faso,NA,Centre-Est,BOULGOU,
Burkina Faso,NA,Centre-Est,KOURITENGA,
Burkina Faso,NA,Centre-Est,KOULPELOGO,
Burkina Faso,NA,Nord,PASSORE,
Burkina Faso,NA,Nord,YATENGA,
Burkina Faso,NA,Nord,LOROUM,
Burkina Faso,NA,Nord,ZONDOMA,
Burkina Faso,NA,Sud-Ouest,BOUGOURIBA,
Burkina Faso,NA,Sud-Ouest,PONI,
Burkina Faso,NA,Sud-Ouest,IOBA,
Burkina Faso,NA,Sud-Ouest,NOUMBIEL,
Burkina Faso,NA,Hauts-Bassins,HOUET,
Burkina Faso,NA,Hauts-Bassins,KENEDOUGOU,
Burkina Faso,NA,Hauts-Bassins,TUY,
Burkina Faso,NA,Cascades,COMOE,
Burkina Faso,NA,Cascades,LERABA,
Cote d’Ivoire,Nord,NA,NA,
Cote d’Ivoire,Ouest,NA,NA,
Cote d’Ivoire,Nord Ouest,NA,NA,
Cote d’Ivoire,Nord Est,NA,NA,
Cote d’Ivoire,Centre,NA,NA,
Cote d’Ivoire,Centre Est,NA,NA,
Cote d’Ivoire,Centre Ouest,NA,NA,
Cote d’Ivoire,Sud Ouest,NA,NA,
Cote d’Ivoire,Sud,NA,NA,
Cote d’Ivoire,Centre Nord,NA,NA,
Cote d’Ivoire,PAD NORD OUEST,Folon,NA,
Cote d’Ivoire,PAD NORD OUEST,Kabadougou,NA,
Cote d’Ivoire,PAD NORD,PORO,NA,
Cote d’Ivoire,PAD NORD,TCHOLOGO,NA,
Cote d’Ivoire,PAD NORD,BAGOUE,NA,
Cote d’Ivoire,PAD CENTRE OUEST,Région du GOH,NA,
Cote d’Ivoire,PAD CENTRE OUEST,Région du GUEMON,NA,
Cote d’Ivoire,PAD CENTRE OUEST,Région de la MARAHOUE,NA,
Cote d’Ivoire,PAD CENTRE OUEST,Région du HAUT-SASSANDRA,NA,
Cabo Verde,S. Nicolau,R. Brava,NA,
Cabo Verde,S. Nicolau,Tarrafal,NA,
Cabo Verde,Sal,Sal,NA,
Cabo Verde,Santo Antao,Ribeira Grande,NA,
Cabo Verde,Santo Antao,Paul,NA,
Cabo Verde,Santo Antao,Porto Novo,NA,
Cabo Verde,SANTIAGO,Santa Catarina,NA,
Cabo Verde,SANTIAGO,São Miguel,NA,
Cabo Verde,SANTIAGO,Praia,NA,
Cabo Verde,SANTIAGO,S.Lourenço dos Órgãos,NA,
Cabo Verde,FOGO,São Filipe,NA,
Cabo Verde,FOGO,Mosteiros,NA,
Cabo Verde,FOGO,Santa Catarina,NA,
Cabo Verde,MAIO,Maio,NA,
Cabo Verde,BRAVA,Brava,NA,
Cabo Verde,Santiago,Praia,NA,
Cabo Verde,Santiago,Ribeira GST,NA,
Cabo Verde,Santiago,S: Cruz,NA,
Cabo Verde,Santiago,Tarrafal,NA,
Cabo Verde,Santiago,S. Domingos,NA,
Cabo Verde,S.Vicente,Mindelo,NA,Sao Vicente
Cabo Verde,Boa Vista,Boa Vista,NA,
Cabo Verde,Santiago,São Lourenço dos Orgãos,NA,
Cabo Verde,Santiago,São Salvador do Mundo,NA,
Cabo Verde,S. Antao,Ribeira Grande,NA,
Cabo Verde,S. Antao,Porto Novo,NA,
Cabo Verde,S. Antao,Paul,NA,
Cabo Verde,S. Nicolau,Ribeira Brava,NA,
Cabo Verde,S. Vicente,S. Vicente,NA,Sao Vicente
Cabo Verde,SANTIAGO,PRAIA,NA,
Cabo Verde,SANTIAGO,Rª G SANTIAGO,NA,
Cabo Verde,SANTIAGO,S. DOMINGOS,NA,
Cabo Verde,SANTIAGO,STA CRUZ,NA,
Cabo Verde,SANTIAGO,S. L. ÓGÃOS,NA,
Cabo Verde,SANTIAGO,S. S. MUNDO,NA,
Cabo Verde,BOA VISTA,BOA VISTA,NA,
Cabo Verde,S. ANTAO,Ribeira Grande,NA,
Cabo Verde,S. ANTAO,Porto Novo,NA,
Cabo Verde,S. ANTAO,Paul,NA,
Cabo Verde,S. NICOLAU,Ribeira Brava,NA,
Cabo Verde,S. NICOLAU,Tarrafal,NA,
Cabo Verde,S. VICENTE,S. Vicente,NA,
Cabo Verde,SAL,Sal,NA,
Cabo Verde,SANTIAGO,Tarrafal,NA,
Cabo Verde,SANTIAGO,Rª Grande,NA,
Cabo Verde,SANTIAGO,São Domingos,NA,
Cabo Verde,SANTIAGO,S. L. Órgãos,NA,
Cabo Verde,SANTIAGO,Sta Cruz,NA,
Cabo Verde,SANTIAGO,S. S. Mundo,NA,
Cabo Verde,SANTIAGO,TARRAFAL ST,NA,
Cabo Verde,SANTIAGO,SANTA CATARINA,NA,
Cabo Verde,SANTIAGO,SÃO MIGUEL,NA,
Cabo Verde,BOA VISTA,Boa Vista,NA,
Cabo Verde,S. ANTAO,RIBEIRA GRANDE,NA,
Cabo Verde,S. ANTAO,PORTO NOVO,NA,
Cabo Verde,S. ANTAO,PAUL,NA,
Cabo Verde,S. NICOLAU,RIBEIRA BRAVA,NA,
Cabo Verde,S. NICOLAU,TARRAFAL SN,NA,
Cabo Verde,SÃO  VICENTE,SÃO VICENTE,NA,
Cabo Verde,SAL,SAL,NA,
Cabo Verde,FOGO,SÃO FILIPE,NA,
Cabo Verde,FOGO,MOSTEIROS,NA,
Cabo Verde,FOGO,SANTA CATARINA,NA,
Cabo Verde,MAIO,MAIO,NA,
Cabo Verde,BRAVA,BRAVA,NA,
Cabo Verde,FOGO,Santa Catarina de Fogo,NA,
Cabo Verde,S.Vicente,S.Vicente,NA,
Cabo Verde,Santiago,S. Cruz,NA,
Cabo Verde,Santiago,Santa Catarina,NA,
Cabo Verde,Santiago,São Miguel,NA,
Cabo Verde,Santiago,São Domingos,NA,
Cabo Verde,Santiago,Sao salvadordo Mundo,NA,
Cabo Verde,Santiago,São Lourenço dos Órgãos,NA,
Cabo Verde,Santiago,Ribeira Grande de Santiago,NA,
Cabo Verde,Santiago,S. L. Orgãos,NA,
Cabo Verde,Santiago,S. S. Mundo,NA,
Cabo Verde,Boa Vista,B. Vista,NA,
Cabo Verde,S. NICOLAU,RIBEIRA BRAVO,NA,
Ghana,NA,Northern,NA,
Ghana,NA,Upper East,NA,
Ghana,NA,Upper West,NA,
Ghana,NA,Brong Ahafo,NA,
Ghana,NA,Ashanti,NA,
Ghana,NA,Western,NA,
Ghana,NA,Central,NA,
Ghana,NA,Greater Accra,NA,
Ghana,NA,Volta,NA,
Ghana,NA,Eastern,NA,
Ghana,NA,Central Region,NA,
Ghana,NA,Volta Region,NA,
Ghana,NA,Estearn,NA,
Ghana,NA,Greater Acra,NA,
Ghana,NA,Central region,NA,
Ghana,NA,Greater Acrra,NA,
Guinea,NA,Boke,Boffa,
Guinea,NA,Boke,Boke,
Guinea,NA,Boke,Fria,
Guinea,NA,Boke,Gaoual,
Guinea,NA,Boke,Koundara,
Guinea,NA,Conakry,Conakry,
Guinea,NA,Faranah,Dabola,
Guinea,NA,Faranah,Dinguiraye,
Guinea,NA,Faranah,Faranah,
Guinea,NA,Faranah,Kissidougou,
Guinea,NA,Kankan,Kankan,
Guinea,NA,Kankan,Kerouane,
Guinea,NA,Kankan,Kouroussa,
Guinea,NA,Kankan,Mandiana,
Guinea,NA,Kankan,Siguiri,
Guinea,NA,Kindia,Coyah,
Guinea,NA,Kindia,Dubreka,
Guinea,NA,Kindia,Forecariah,
Guinea,NA,Kindia,Kindia,
Guinea,NA,Kindia,Telimele,
Guinea,NA,Labe,Koubia,
Guinea,NA,Labe,Labe,
Guinea,NA,Labe,Lelouma,
Guinea,NA,Labe,Mali,
Guinea,NA,Labe,Tougue,
Guinea,NA,Mamou,Dalaba,
Guinea,NA,Mamou,Mamou,
Guinea,NA,Mamou,Pita,
Guinea,NA,Nzerekore,Beyla,
Guinea,NA,Nzerekore,Gueckedou,
Guinea,NA,Nzerekore,Lola,
Guinea,NA,Nzerekore,Macenta,
Guinea,NA,Nzerekore,Nzerekore,
Guinea,NA,Nzerekore,Yomou,
Guinea,NA,Boke,NA,
Guinea,NA,Conakry,NA,
Guinea,NA,Faranah,NA,
Guinea,NA,Kankan,NA,
Guinea,NA,Kindia,NA,
Guinea,NA,Labe,NA,
Guinea,NA,Mamou,NA,
Guinea,NA,Nzerekore,NA,
Guinea,NA,BOKE,BOFFA,
Guinea,NA,BOKE,BOKE,
Guinea,NA,BOKE,FRIA,
Guinea,NA,BOKE,GAOUAL,
Guinea,NA,BOKE,KOUNDARA,
Guinea,NA,FARANAH,DABOLA,
Guinea,NA,FARANAH,DINGUIRAYE,
Guinea,NA,FARANAH,FARANAH,
Guinea,NA,FARANAH,KISSIDOUGOU,
Guinea,NA,KANKAN,KANKAN,
Guinea,NA,KANKAN,KEROUANE,
Guinea,NA,KANKAN,KOUROUSSA,
Guinea,NA,KANKAN,MANDIANA,
Guinea,NA,KANKAN,SIGUIRI,
Guinea,NA,KINDIA,COYAH,
Guinea,NA,KINDIA,DUBREKA,
Guinea,NA,KINDIA,FORECARIAH,
Guinea,NA,KINDIA,KINDIA,
Guinea,NA,KINDIA,TELEMELE,
Guinea,NA,LABE,KOUBIA,
Guinea,NA,LABE,LABE,
Guinea,NA,LABE,LELOUMA,
Guinea,NA,LABE,MALI,
Guinea,NA,LABE,TOUGUE,
Guinea,NA,MAMOU,DALABA,
Guinea,NA,MAMOU,MAMOU,
Guinea,NA,MAMOU,PITA,
Guinea,NA,N'ZEREKORE,BEYLA,
Guinea,NA,N'ZEREKORE,GUECKEDOU,
Guinea,NA,N'ZEREKORE,LOLA,
Guinea,NA,N'ZEREKORE,MACENTA,
Guinea,NA,N'ZEREKORE,N'ZEREKORE,
Guinea,NA,N'ZEREKORE,YOMOU,
Gambia,NA,WCR,NA,
Gambia,NA,LRR,NA,
Gambia,NA,URR,NA,
Gambia,NA,CRRN,NA,
Gambia,NA,CRRS,NA,
Gambia,NA,NBR,NA,
Gambia,NA,BANJUL,NA,
Gambia,NA,KMC,NA,
Gambia,NA,West Coast Region,NA,
Gambia,NA,Lower River Region,NA,
Gambia,NA,North Bank Region,NA,
Gambia,NA,Central River Region (N),NA,
Gambia,NA,Central River Region (S),NA,
Gambia,NA,Upper River Region,NA,
Gambia,NA,CRR n,NA,
Gambia,NA,CRR s,NA,
Gambia,NA,BJL,NA,
Gambia,NA,Central River (N),NA,
Gambia,NA,Central River (S),NA,
Gambia,NA,Lower River,NA,
Gambia,NA,North Bank,NA,
Gambia,NA,Upper River,NA,
Gambia,NA,West Coast,NA,
Guinea Bissau,NA,Bafata,NA,
Guinea Bissau,NA,Quinara,NA,
Guinea Bissau,NA,OIO,NA,
Guinea Bissau,NA,Biombo,NA,
Guinea Bissau,NA,CACHEU,NA,
Guinea Bissau,NA,GABU,NA,
Guinea Bissau,NA,BOLAMA,NA,
Guinea Bissau,NA,TOMBALI,NA,
Guinea Bissau,NA,BAFATA,NA,
Guinea Bissau,NA,QUINARA,NA,
Guinea Bissau,NA,BIOMBO,NA,
Guinea Bissau,NA,Cacheu,NA,
Guinea Bissau,NA,Oio,NA,
Guinea Bissau,NA,Gabu,NA,
Guinea Bissau,NA,Tombali,NA,
Guinea Bissau,NA,Bolama-Bijagos,NA,
Guinea Bissau,NA,Bolama,NA,
Liberia,NA,Bomi,NA,
Liberia,NA,Bong,NA,
Liberia,NA,Gbarpolu,NA,
Liberia,NA,Grand Bassa,NA,
Liberia,NA,Grand Cape Mount,NA,
Liberia,NA,Grand Gedeh,NA,
Liberia,NA,Grand Kru,NA,
Liberia,NA,Lofa,NA,
Liberia,NA,Margibi,NA,
Liberia,NA,Maryland,NA,
Liberia,NA,Montserrado,NA,
Liberia,NA,Nimba,NA,
Liberia,NA,River Gee,NA,
Liberia,NA,Rivercess,NA,
Liberia,NA,Sinoe,NA,
MALI,NA,Kayes,Kenieba,
MALI,NA,Kayes,Bafoulabe,
MALI,NA,Kayes,Diema,
MALI,NA,Kayes,Nioro,
MALI,NA,Kayes,Kayes,
MALI,NA,Kayes,Kita,
MALI,NA,Kayes,Yelimane,
MALI,NA,Koulikoro,Nara,
MALI,NA,Koulikoro,Koulikoro,
MALI,NA,Koulikoro,Banamba,
MALI,NA,Koulikoro,Dioila,
MALI,NA,Koulikoro,Kangaba,
MALI,NA,Koulikoro,Kati,
MALI,NA,Koulikoro,Kolokani,
MALI,NA,Sikasso,Sikasso,
MALI,NA,Sikasso,Bougouni,
MALI,NA,Sikasso,Kadiolo,
MALI,NA,Sikasso,Kolondieba,
MALI,NA,Sikasso,Koutiala,
MALI,NA,Sikasso,Yanfolila,
MALI,NA,Sikasso,Yorosso,
MALI,NA,Segou,Segou,
MALI,NA,Segou,Baroueli,
MALI,NA,Segou,Bla,
MALI,NA,Segou,Macina,
MALI,NA,Segou,Niono,
MALI,NA,Segou,San,
MALI,NA,Segou,Tominian,
MALI,NA,Mopti,Mopti,
MALI,NA,Mopti,Bandiagara,
MALI,NA,Mopti,Bankass,
MALI,NA,Mopti,Djenne,
MALI,NA,Mopti,Douentza,
MALI,NA,Mopti,Koro,
MALI,NA,Mopti,Tenenkou,
MALI,NA,Mopti,Youwarou,
MALI,NA,Tombouctou,Tombouctou,
MALI,NA,Tombouctou,Niafunke,
MALI,NA,Tombouctou,Gourma-Rharous,
MALI,NA,Tombouctou,Goundam,
MALI,NA,Tombouctou,Dire,
MALI,NA,Gao,Ansongo,
MALI,NA,Gao,Bourem,
MALI,NA,Gao,Gao,
MALI,NA,Gao,Menaka,
MALI,NA,Kidal,Abeibara,
MALI,NA,Kidal,Tin-Essako,
MALI,NA,Kidal,Tessalit,
MALI,NA,Kidal,Kidal,
MALI,NA,Mopti,Baroueli,
MALI,NA,Bamako,Commune I,
MALI,NA,Bamako,Commune Ii,
MALI,NA,Bamako,Commune Iii,
MALI,NA,Bamako,Commune Iv,
MALI,NA,Bamako,Commune V,
MALI,NA,Bamako,Commune Vi,
MALI,NA,Bamako,Commune II,
MALI,NA,Bamako,Commune III,
MALI,NA,Bamako,Commune IV,
MALI,NA,Bamako,Commune VI,
MALI,NA,Tombouctou,NA,
MALI,NA,Kidal,NA,
MALI,NA,Koulikoro,NA,
MALI,NA,Kayes,NA,
MALI,NA,Segou,NA,
MALI,NA,Sikasso,NA,
MALI,NA,Gao,NA,
MALI,NA,Mopti,NA,
MALI,NA,Bamako,NA,
Mauritania,NA,Brakna,NA,
Mauritania,NA,Guidimakha,NA,
Mauritania,NA,Tagant,NA,
Mauritania,NA,Adrar,NA,
Mauritania,NA,Dakhlet-Nouadhibou,NA,
Mauritania,NA,Tiris-Zemmour,NA,
Mauritania,NA,Inchiri,NA,
Mauritania,NA,Gorgol,NA,
Mauritania,NA,Nouakchott,NA,
Mauritania,NA,Trarza,NA,
Mauritania,NA,Hodh Ech Chargi,NA,
Mauritania,NA,Hodh El Gharbi,NA,
Mauritania,NA,Assaba,NA,
Niger,NA,Agadez,Aderbissinat,
Niger,NA,Agadez,Arlit,
Niger,NA,Agadez,Bilma,
Niger,NA,Agadez,Iferouane,
Niger,NA,Agadez,In-Gall,
Niger,NA,Agadez,Tchirozerine,
Niger,NA,Diffa,Nguigmi,
Niger,NA,Diffa,Ngourti,
Niger,NA,Diffa,Goudoumaria,
Niger,NA,Diffa,Maine Soroa,
Niger,NA,Diffa,Diffa,
Niger,NA,Diffa,Bosso,
Niger,NA,Dosso,Boboye,
Niger,NA,Dosso,Dosso,
Niger,NA,Dosso,Dioudiou,
Niger,NA,Dosso,Doutchi,
Niger,NA,Dosso,Falmey,
Niger,NA,Dosso,Gaya,
Niger,NA,Dosso,Loga,
Niger,NA,Dosso,Tibiri,
Niger,NA,Maradi,Aguie,
Niger,NA,Maradi,Dakoro,
Niger,NA,Maradi,Gazaoua,
Niger,NA,Maradi,Bermo,
Niger,NA,Maradi,Mayahi,
Niger,NA,Maradi,Tessaoua,
Niger,NA,Maradi,Madarounfa,
Niger,NA,Maradi,Guidan Roumji,
Niger,NA,Tahoua,Abalak,
Niger,NA,Tahoua,Tchintabaraden,
Niger,NA,Tahoua,Tassara,
Niger,NA,Tahoua,Tillia,
Niger,NA,Tahoua,Tahoua,
Niger,NA,Tahoua,Keita,
Niger,NA,Tahoua,Illela,
Niger,NA,Tahoua,Bouza,
Niger,NA,Tahoua,Bagaroua,
Niger,NA,Tahoua,Madaoua,
Niger,NA,Tahoua,Malbaza,
Niger,NA,Tahoua,Konni,
Niger,NA,Tillaberi,Abala,
Niger,NA,Tillaberi,Filingue,
Niger,NA,Tillaberi,Bani Bangou,
Niger,NA,Tillaberi,Ouallam,
Niger,NA,Tillaberi,Tillaberi,
Niger,NA,Tillaberi,Tera,
Niger,NA,Tillaberi,Bankillare,
Niger,NA,Tillaberi,Gotheye,
Niger,NA,Tillaberi,Say,
Niger,NA,Tillaberi,Torodi,
Niger,NA,Tillaberi,Kollo,
Niger,NA,Tillaberi,Balleyara,
Niger,NA,Tillaberi,Ayerou,
Niger,NA,Zinder,Damagaram Takaya,
Niger,NA,Zinder,Dungass,
Niger,NA,Zinder,Goure,
Niger,NA,Zinder,Kantché,
Niger,NA,Zinder,Magaria,
Niger,NA,Zinder,Mirriah,
Niger,NA,Zinder,Takieta,
Niger,NA,Zinder,Tanout,
Niger,NA,Zinder,Tarka,
Niger,NA,Zinder,Tasker,
Niger,NA,Zinder,Belbédji,
Niger,NA,Agadez,Agadez Com,
Niger,NA,Diffa,N'Guigmi,
Niger,NA,Diffa,Dffa Dep,
Niger,NA,Diffa,Diffa com,
Niger,NA,Dosso,Dosso Département,
Niger,NA,Dosso,Dosso CU,
Niger,NA,Tahoua,Tahoua dép,
Niger,NA,Tahoua,Tahoua ville,
Niger,NA,Maradi,AGUIE,
Niger,NA,Maradi,BERMO,
Niger,NA,Maradi,DAKORO,
Niger,NA,Maradi,GAZAOUA,
Niger,NA,Maradi,MADAROUNFA,
Niger,NA,Maradi,TESSAOUA,
Niger,NA,Maradi,VILLE MARADI,
Niger,NA,Tillaberi,Tillaberi département,
Niger,NA,Tillaberi,Tillaberi commune,
Niger,NA,Zinder,BELBEDJI,
Niger,NA,Zinder,DAMAGARAM TAKAYA,
Niger,NA,Zinder,DUNGASS,
Niger,NA,Zinder,GOURE,
Niger,NA,Zinder,KANTCHE,
Niger,NA,Zinder,MAGARIA,
Niger,NA,Zinder,MIRRIAH,
Niger,NA,Zinder,TAKIETA,
Niger,NA,Zinder,TANOUT,
Niger,NA,Zinder,VILLE DE ZINDER,
Niger,NA,Niamey,ACNY I,
Niger,NA,Niamey,ACNY II,
Niger,NA,Niamey,ACNY III,
Niger,NA,Niamey,ACNY IV,
Niger,NA,Niamey,ACNY V,
Niger,NA,Diffa,Maine soroa,
Niger,NA,Diffa,NGourti,
Niger,NA,Diffa,NGuigmi,
Niger,NA,Tillaberi,Bani bangou,
Niger,NA,Zinder,KANTCHé,
Niger,NA,Zinder,TASKER,
Nigeria,NA,Adamawa,NA,
Nigeria,NA,Borno,NA,
Nigeria,NA,Jigawa,NA,
Nigeria,NA,Katsina,Sahel,
Nigeria,NA,Katsina,Sudan,
Nigeria,NA,Katsina,Northern Guinea,
Nigeria,NA,Kano,Z1-Northern-FRWV,
Nigeria,NA,Kano,Z2-Central-MSC,
Nigeria,NA,Kano,Z3-Sahel-MCL,
Nigeria,NA,Sokoto,East,
Nigeria,NA,Sokoto,Central,
Nigeria,NA,Sokoto,South,
Nigeria,NA,Yobe,NA,
Nigeria,NA,Zamfara,Central Zone,
Nigeria,NA,Zamfara,Northern Zone,
Nigeria,NA,Zamfara,Western Zone,
Nigeria,NA,Adamawa,Madagali,
Nigeria,NA,Adamawa,Michika,
Nigeria,NA,Adamawa,Mubi North,
Nigeria,NA,Adamawa,Mubi South,
Nigeria,NA,Adamawa,Maiha,
Nigeria,NA,Adamawa,Gombi,
Nigeria,NA,Adamawa,Hong,
Nigeria,NA,Adamawa,Song,
Nigeria,NA,Adamawa,Gireri,
Nigeria,NA,Adamawa,Yola North,
Nigeria,NA,Adamawa,Yola South,
Nigeria,NA,Adamawa,Fufore,
Nigeria,NA,Adamawa,Guyuk,
Nigeria,NA,Adamawa,Shelleng,
Nigeria,NA,Adamawa,Ganaye,
Nigeria,NA,Adamawa,Demsa,
Nigeria,NA,Adamawa,Lamurde,
Nigeria,NA,Adamawa,Mayo-Belwa,
Nigeria,NA,Adamawa,Toungo,
Nigeria,NA,Adamawa,Numan,
Nigeria,NA,Adamawa,Jada,
Nigeria,NA,Bauchi,Central,
Nigeria,NA,Bauchi,Northern,
Nigeria,NA,Bauchi,Southern,
Nigeria,NA,Benue,Central,
Nigeria,NA,Benue,North,
Nigeria,NA,Benue,South,
Nigeria,NA,Borno,ABADAM,
Nigeria,NA,Borno,Gubio,
Nigeria,NA,Borno,Guzamala,
Nigeria,NA,Borno,Kukawa,
Nigeria,NA,Borno,Magumeri,
Nigeria,NA,Borno,Marte,
Nigeria,NA,Borno,Mobbar,
Nigeria,NA,Borno,Nganzai,
Nigeria,NA,Borno,Monguno,
Nigeria,NA,Borno,Dikwa,
Nigeria,NA,Borno,Jere,
Nigeria,NA,Borno,Kala/Balge,
Nigeria,NA,Borno,Mafa,
Nigeria,NA,Borno,Maiduguri,
Nigeria,NA,Borno,Ngala,
Nigeria,NA,Borno,Konduga,
Nigeria,NA,Borno,Bama,
Nigeria,NA,Borno,Kaga,
Nigeria,NA,Borno,Askira/Uba,
Nigeria,NA,Borno,Bayo,
Nigeria,NA,Borno,Biu,
Nigeria,NA,Borno,Chibok,
Nigeria,NA,Borno,Damboa,
Nigeria,NA,Borno,Gwoza,
Nigeria,NA,Borno,Hawul,
Nigeria,NA,Borno,Kwaya Kusar,
Nigeria,NA,Borno,Shani,
Nigeria,NA,Gombe,Central,
Nigeria,NA,Gombe,North,
Nigeria,NA,Gombe,South,
Nigeria,NA,Jigawa,North East,
Nigeria,NA,Jigawa,North South,
Nigeria,NA,Jigawa,North West,
Nigeria,NA,Kaduna,Northern,
Nigeria,NA,Kaduna,Central,
Nigeria,NA,Kaduna,Southern,
Nigeria,NA,Kano,Central (Zone 1),
Nigeria,NA,Kano,Northern (Zone 2),
Nigeria,NA,Kano,Southern (Zone 3),
Nigeria,NA,Katsina,Northern - Sahel,
Nigeria,NA,Katsina,Central - Sudan,
Nigeria,NA,Katsina,Southern - Guinea,
Nigeria,NA,Kebbi,CENTRAL,
Nigeria,NA,Kebbi,Northern,
Nigeria,NA,Kebbi,Southern,
Nigeria,NA,Niger,Southern,
Nigeria,NA,Niger,Eastern,
Nigeria,NA,Niger,Northern,
Nigeria,NA,Plateau,NORTHERN ZONE,
Nigeria,NA,Plateau,CENTRAL ZONE,
Nigeria,NA,Plateau,Southern Zone,
Nigeria,NA,Sokoto,CENTRAL,
Nigeria,NA,Sokoto,Southern,
Nigeria,NA,Taraba,CENTRAL,
Nigeria,NA,Taraba,Northern,
Nigeria,NA,Taraba,Southern,
Nigeria,NA,Yobe,Bursari,
Nigeria,NA,Yobe,Damaturu,
Nigeria,NA,Yobe,Geidam,
Nigeria,NA,Yobe,Gujba,
Nigeria,NA,Yobe,Gulani,
Nigeria,NA,Yobe,Tarmua,
Nigeria,NA,Yobe,Yunusari,
Nigeria,NA,Yobe,Bade,
Nigeria,NA,Yobe,Jakusko,
Nigeria,NA,Yobe,Karasuwa,
Nigeria,NA,Yobe,Machina,
Nigeria,NA,Yobe,Yusufari,
Nigeria,NA,Yobe,Nangere,
Nigeria,NA,Yobe,Fune,
Nigeria,NA,Yobe,Fika,
Nigeria,NA,Yobe,Nguru,
Nigeria,NA,Yobe,Potiskum,
Nigeria,NA,ADAMAWA,NA,
Nigeria,NA,BAUCHI,NA,
Nigeria,NA,BENUE,NA,
Nigeria,NA,BORNO,NA,
Nigeria,NA,Federal Capital Territory,NA,
Nigeria,NA,GOMBE,NA,
Nigeria,NA,JIGAWA,NA,
Nigeria,NA,KADUNA,NA,
Nigeria,NA,KANO,NA,
Nigeria,NA,KATSINA,NA,
Nigeria,NA,KEBBI,NA,
Nigeria,NA,NIGER,NA,
Nigeria,NA,PLATEAU,NA,
Nigeria,NA,SOKOTO,NA,
Nigeria,NA,TARABA,NA,
Nigeria,NA,YOBE,NA,
Nigeria,NA,ZAMFARA,NA,
Nigeria,NA,Katsina,Zone 1,
Nigeria,NA,Katsina,Zone 2,
Nigeria,NA,Katsina,Zone 3,
Nigeria,NA,Kano,Sahel Savannah,
Nigeria,NA,Kano,Sudan Savannah,
Nigeria,NA,Kano,Northern Guinea,
Nigeria,NA,Adamawa,Northern,
Nigeria,NA,Adamawa,Central,
Nigeria,NA,Adamawa,Southern,
Nigeria,NA,Borno,Central,
Nigeria,NA,Borno,Northern,
Nigeria,NA,Borno,Southern,
Nigeria,NA,Jigawa,Eastern,
Nigeria,NA,Jigawa,Southern,
Nigeria,NA,Jigawa,Western,
Nigeria,NA,Kano,Central,
Nigeria,NA,Kano,Northern,
Nigeria,NA,Kano,Southern,
Nigeria,NA,Katsina,Sahel Savannah,
Nigeria,NA,Katsina,Sudan Savannah,
Nigeria,NA,Kebbi,Central,
Nigeria,NA,Plateau,Northern,
Nigeria,NA,Plateau,Central,
Nigeria,NA,Plateau,Southern,
Nigeria,NA,Taraba,Central,
Nigeria,NA,Yobe,Eastern,
Nigeria,NA,Yobe,Southern,
Nigeria,NA,Yobe,Northern,
Nigeria,NA,Zamfara,CENTRAL,
Nigeria,NA,Zamfara,Northern,
Nigeria,NA,Zamfara,Western,
Nigeria,NA,Borno,Abadam,
Nigeria,NA,Federal Capital Territory,FCT,
Nigeria,NA,Katsina,Northern,
Nigeria,NA,Katsina,Central,
Nigeria,NA,Katsina,Southern,
Senegal,NA,Diourbel,Bambey,
Senegal,NA,Kaffrine,Birkelane,
Senegal,NA,Saint Louis,Dagana,
Senegal,NA,Diourbel,Diourbel,
Senegal,NA,Fatick,Fatick,
Senegal,NA,Fatick,Foundiougne,
Senegal,NA,Fatick,Gossas,
Senegal,NA,Kaolack,Guinguineo,
Senegal,NA,Kaffrine,Kaffrine,
Senegal,NA,Matam,Kanel,
Senegal,NA,Kaolack,Kaolack,
Senegal,NA,Louga,Kebemer,
Senegal,NA,Kedougou,Kedougou,
Senegal,NA,Kolda,Kolda,
Senegal,NA,Kaffrine,Koungheul,
Senegal,NA,Louga,Linguere,
Senegal,NA,Louga,Louga,
Senegal,NA,Kaffrine,Malem Hodar,
Senegal,NA,Matam,Matam,
Senegal,NA,Diourbel,MBacke,
Senegal,NA,Kolda,Medina Yoro Foulah,
Senegal,NA,Kaolack,Nioro du Rip,
Senegal,NA,Saint Louis,Podor,
Senegal,NA,Matam,Ranerou,
Senegal,NA,Dakar,Rufisque,
Senegal,NA,Saint Louis,Saint Louis,
Senegal,NA,Kedougou,Salemata,
Senegal,NA,Kedougou,Saraya,
Senegal,NA,Kolda,Velingara,
Senegal,NA,Tambacounda,Bakel,
Senegal,NA,Ziguinchor,Bignona,
Senegal,NA,Sedhiou,Bounkiling,
Senegal,NA,Tambacounda,Goudiry,
Senegal,NA,Sedhiou,Goudomp,
Senegal,NA,Tambacounda,Koumpentoum,
Senegal,NA,Thies,Mbour,
Senegal,NA,Ziguinchor,Oussouye,
Senegal,NA,Sedhiou,Sedhiou,
Senegal,NA,Tambacounda,Tambacounda,
Senegal,NA,Thies,Thies,
Senegal,NA,Thies,Tivaouane,
Senegal,NA,Ziguinchor,Ziguinchor,
Senegal,NA,Kedougou,kedougou,
Senegal,NA,Kedougou,salemata,
Senegal,NA,Sedhiou,bounkiling,
Senegal,NA,Sedhiou,goudomp,
Senegal,NA,Sedhiou,sedhiou,
Senegal,NA,Ziguinchor,bignona,
Senegal,NA,Ziguinchor,oussouye,
Senegal,NA,Ziguinchor,ziguinchor,
Sierra Leone,NA,Eastern,Kailahun,
Sierra Leone,NA,Eastern,Kenema,
Sierra Leone,NA,Eastern,Kono,
Sierra Leone,NA,Northern,Bombali,
Sierra Leone,NA,Northern,Kambia,
Sierra Leone,NA,Northern,Koinadugu,
Sierra Leone,NA,Northern,Port Loko,
Sierra Leone,NA,Northern,Tonkolili,
Sierra Leone,NA,Southern,Bo,
Sierra Leone,NA,Southern,Bonthe,
Sierra Leone,NA,Southern,Moyamba,
Sierra Leone,NA,Southern,Pujehun,
Sierra Leone,NA,Western Area,Western Area Rur,
Sierra Leone,NA,Western Area,Western Area Urb,
Chad,NA,Batha,NA,
Chad,NA,Chari-Baguirmi,NA,
Chad,NA,Logone Occidental,NA,
Chad,NA,Hadjer-Lamis,NA,
Chad,NA,Barh-El-Gazel,NA,
Chad,NA,Logone Oriental,NA,
Chad,NA,Mandoul,NA,
Chad,NA,Lac,NA,
Chad,NA,Guera,NA,
Chad,NA,Sila,NA,
Chad,NA,Tandjile,NA,
Chad,NA,Mayo Kebbi Est,NA,
Chad,NA,Ouaddai,NA,
Chad,NA,Kanem,NA,
Chad,NA,Mayo-Kebbi Ouest,NA,
Chad,NA,Salamat,NA,
Chad,NA,Wadi Fira,NA,
Chad,NA,Moyen-Chari,NA,
Chad,NA,Logone Occidental,Lac Wey,
Chad,NA,Logone Occidental,Dodje,
Chad,NA,Logone Occidental,Gueni,
Chad,NA,Logone Occidental,Ngourkosso,
Chad,NA,Logone Oriental,La Pende,
Chad,NA,Logone Oriental,Kouh Est,
Chad,NA,Logone Oriental,Kouh Ouest,
Chad,NA,Logone Oriental,La nya,
Chad,NA,Logone Oriental,La Nya Pende,
Chad,NA,Logone Oriental,Monts de Lam,
Chad,NA,Mandoul,Barh Sara,
Chad,NA,Mandoul,Mandoul Oriental,
Chad,NA,Mandoul,Mandoul Occidental,
Chad,NA,Tandjile,Tandjile Centre,
Chad,NA,Tandjile,Tandjile Ouest,
Chad,NA,Tandjile,Tandjile Est,
Chad,NA,Chari-Baguirmi,Baguirmi,
Chad,NA,Chari-Baguirmi,Loug Chari,
Chad,NA,Chari-Baguirmi,Chari,
Chad,NA,Mayo Kebbi Est,La Kabbia,
Chad,NA,Mayo Kebbi Est,Mayo Boneye,
Chad,NA,Mayo Kebbi Est,Mayo Lemye,
Chad,NA,Mayo Kebbi Est,Mont Illi,
Chad,NA,Mayo-Kebbi Ouest,Lac Lere,
Chad,NA,Mayo-Kebbi Ouest,Mayo-Binder,
Chad,NA,Mayo-Kebbi Ouest,Mayo Dallah,
Chad,NA,Batha,Batha Ouest,
Chad,NA,Batha,Batha Est,
Chad,NA,Batha,Fittri,
Chad,NA,Barh-El-Gazel,Barh-El-Gazel Nord,
Chad,NA,Barh-El-Gazel,Barh-El-Gazel Ouest,
Chad,NA,Barh-El-Gazel,Barh-El-Gazel Sud,
Chad,NA,Kanem,Nord Kanem,
Chad,NA,Kanem,Wadi Bissam,
Chad,NA,Kanem,Kanem,
Chad,NA,Hadjer-Lamis,Dababa,
Chad,NA,Hadjer-Lamis,Dagana,
Chad,NA,Hadjer-Lamis,Haraze Al Biar,
Chad,NA,Salamat,Bahr Azoum,
Chad,NA,Salamat,Aboudeia,
Chad,NA,Salamat,Haraze Mangueigne,
Chad,NA,Moyen-Chari,Bahr Koh,
Chad,NA,Moyen-Chari,Grande Sido,
Chad,NA,Moyen-Chari,Lac Iro,
Chad,NA,Sila,Djourf Al Ahmar,
Chad,NA,Sila,Kimiti,
Chad,NA,Guera,Abtouyour,
Chad,NA,Guera,Guera,
Chad,NA,Guera,Mangalme,
Chad,NA,Guera,Barh Signaka,
Chad,NA,Lac,Mamdi,
Chad,NA,Lac,Wayi,
Chad,NA,Ouaddai,Abdi,
Chad,NA,Ouaddai,Assoungha,
Chad,NA,Ouaddai,Ouara,
Chad,NA,Wadi Fira,Biltine,
Chad,NA,Wadi Fira,Dar Tama,
Chad,NA,Wadi Fira,Iriba,
Chad,NA,Wadi Fira,Megri,
Chad,NA,Ennedi-Est,Am-Djarass,
Chad,NA,Ennedi-Est,Wadi Hawar,
Chad,NA,Ennedi Ouest,Fada,
Chad,NA,Ennedi Ouest,Mourtcha,
Chad,NA,Borkou,Borkou Yala,
Chad,NA,Borkou,Borkou,
Chad,NA,Lac,Fouli,
Chad,NA,Lac,Kaya,
Chad,NA,Wardi Fira,Biltine,
Chad,NA,Wardi Fira,Dar Tama,
Chad,NA,Wardi Fira,Iriba,
Chad,NA,Wardi Fira,Megri,
Chad,NA,Hajer Lamis,Dababa,
Chad,NA,Hajer Lamis,Dagana,
Chad,NA,Hajer Lamis,Haraze Al Biar,
Chad,NA,Moyen Chari,Bahr Koh,
Chad,NA,Moyen Chari,Grande Sido,
Chad,NA,Moyen Chari,Lac Iro,
Chad,NA,Logone Oriental,La Nya,
Chad,NA,Chari-Baguirmi,BAGUIRMI,
Chad,NA,Chari-Baguirmi,LOUG CHARI,
Chad,NA,Mayo-Kebbi est,Mayo Boneye,
Chad,NA,Mayo-Kebbi est,La Kabbia,
Chad,NA,Mayo-Kebbi est,Mayo Lemye,
Chad,NA,Mayo-Kebbi est,MONT ILLI,
Chad,NA,Mayo-Kebbi Ouest,MAYO DALLAH,
Chad,NA,Mayo-Kebbi Ouest,LAC LERE,
Chad,NA,Tandjile,TANDJILE EST,
Chad,NA,Tandjile,TANDJILE CENTRE,
Chad,NA,Tandjile,TANDJILE OUEST,
Chad,NA,Barh El Gazal,Barh-El-Gazel Sud,
Chad,NA,Barh El Gazal,Barh-El-Gazel Ouest,
Chad,NA,Barh El Gazal,Barh-El-Gazel Nord,
Chad,NA,Ennedi Est,Am-Djarass,
Chad,NA,Ennedi Est,Wadi Hawar,
Chad,NA,Tibesti,Tibesti Est,
Chad,NA,Tibesti,Tibesti Ouest,
Chad,NA,BORKOU,Borkou,
Chad,NA,BORKOU,Borkou Yala,
Chad,NA,ENNEDI EST,Am-Djarass,
Chad,NA,ENNEDI EST,Wadi Hawar,
Chad,NA,ENNEDI OUEST,Fada,
Chad,NA,ENNEDI OUEST,Mourtcha,
Chad,NA,TIBESTI,Tibesti Est,
Chad,NA,TIBESTI,Tibesti Ouest,
TOGO,NA,Centrale,Blitta,
TOGO,NA,Centrale,Plaine de Mô,
TOGO,NA,Centrale,Sotouboua,
TOGO,NA,Centrale,Tchamba,
TOGO,NA,Centrale,Tchaoudjo,
TOGO,NA,Kara,Assoli,
TOGO,NA,Kara,Bassar,
TOGO,NA,Kara,Binah,
TOGO,NA,Kara,Dankpen,
TOGO,NA,Kara,Doufelgou,
TOGO,NA,Kara,Keran,
TOGO,NA,Kara,Kozah,
TOGO,NA,Maritime,Agoè-Nyivé,
TOGO,NA,Maritime,Ave,
TOGO,NA,Maritime,Bas-Mono,
TOGO,NA,Maritime,Golfe,
TOGO,NA,Maritime,Lacs,
TOGO,NA,Maritime,Lome Commune,
TOGO,NA,Maritime,Vo,
TOGO,NA,Maritime,Yoto,
TOGO,NA,Maritime,Zio,
TOGO,NA,Plateaux,Agou,
TOGO,NA,Plateaux,Akébou,
TOGO,NA,Plateaux,Amou,
TOGO,NA,Plateaux,Anié,
TOGO,NA,Plateaux,Danyi,
TOGO,NA,Plateaux,Est-Mono,
TOGO,NA,Plateaux,Haho,
TOGO,NA,Plateaux,Kloto,
TOGO,NA,Plateaux,Kpélé,
TOGO,NA,Plateaux,Moyen-Mono,
TOGO,NA,Plateaux,Ogou,
TOGO,NA,Plateaux,Wawa,
TOGO,NA,Savanes,Cinkassé,
TOGO,NA,Savanes,Kpendjal,
TOGO,NA,Savanes,Oti,
TOGO,NA,Savanes,Tandjouare,
TOGO,NA,Savanes,Tone,
TOGO,NA,Savanes,Kpendjal-Ouest,
TOGO,NA,Savanes,Oti-Sud,
Togo,NA,Maritime,AVE,
Togo,NA,Maritime,ZIO,
Togo,NA,Maritime,YOTO,
Togo,NA,Maritime,VO,
Togo,NA,Maritime,BAS - MONO,
Togo,NA,Maritime,LACS,
Togo,NA,PLATEAUX,AGOU,
Togo,NA,PLATEAUX,KLOTO,
Togo,NA,PLATEAUX,KPELE,
Togo,NA,PLATEAUX,DANYI,
Togo,NA,PLATEAUX,AMOU,
Togo,NA,PLATEAUX,WAWA,
Togo,NA,PLATEAUX,AKEBOU,
Togo,NA,PLATEAUX,OGOU,
Togo,NA,PLATEAUX,ANIE,
Togo,NA,PLATEAUX,EST -MONO,
Togo,NA,PLATEAUX,MOYEN - MONO,
Togo,NA,PLATEAUX,HAHO,
Togo,NA,CENTRALE,BLITTA,
Togo,NA,CENTRALE,SOTOUBOUA,
Togo,NA,CENTRALE,TCHAMBA,
Togo,NA,CENTRALE,TCHAOUDJO,
Togo,NA,CENTRALE,PLAINE DE MO,
Togo,NA,KARA,ASSOLI,
Togo,NA,KARA,BASSAR,
Togo,NA,KARA,BINAH,
Togo,NA,KARA,DANKPEN,
Togo,NA,KARA,KOZAH,
Togo,NA,KARA,DOUFELGOU,
Togo,NA,KARA,KERAN,
Togo,NA,SAVANES,OTI,
Togo,NA,SAVANES,KPENDJAL,
Togo,NA,SAVANES,TANDJOUARE,
Togo,NA,SAVANES,CINKASSE,
Togo,NA,SAVANES,TONE,
Cabo Verde,Santo Antao,São Miguel,NA,
Cabo Verde,Santiago,S.Lourenço dos Órgãos,NA,
Liberia,NA,NORTH CENTRAL,Bong,
Liberia,NA,NORTH CENTRAL,Lofa,
Liberia,NA,NORTH CENTRAL,Grand Bassa,
Liberia,NA,NORTH CENTRAL,River Cess,
Liberia,NA,NORTH CENTRAL,Nimba,
Liberia,NA,WESTERN,Grand Cape Mount,
Liberia,NA,WESTERN,Gbarpolu,
Liberia,NA,WESTERN,Bomi,
Liberia,NA,WESTERN,Montserrado,
Liberia,NA,WESTERN,Margibi,
Liberia,NA,SOUTH EASTERN,Grand Gedeh,
Liberia,NA,SOUTH EASTERN,Grand Kru,
Liberia,NA,SOUTH EASTERN,Maryland,
Liberia,NA,SOUTH EASTERN,Sinoe,
Liberia,NA,SOUTH EASTERN,River Gee,
Niger,NA,Tillaberi,Banibangou,
Niger,NA,Agadez,In-gall,
Niger,NA,Dosso,doutchi,
Nigeria,NA,Kano,CENTRAL,
Nigeria,NA,Kano,NORTHERN,
Nigeria,NA,Kano,SOUTHERN,
Nigeria,NA,Katsina,NORTHERN,
Nigeria,NA,Katsina,CENTRAL,
Nigeria,NA,Katsina,SOUTHERN,
Nigeria,NA,Kebbi,NORTHERN,
Nigeria,NA,Kebbi,SOUTHERN,
Nigeria,NA,Niger,SOUTHERN,
Nigeria,NA,Niger,EASTERN,
Nigeria,NA,Niger,NORTHERN,
Nigeria,NA,Plateau,NORTHERN,
Nigeria,NA,Plateau,CENTRAL,
Nigeria,NA,Plateau,SOUTHERN,
Nigeria,NA,Sokoto,SOUTHERN,
Nigeria,NA,Taraba,NORTHERN,
Nigeria,NA,Taraba,SOUTHERN,
Senegal,NA,Kolda,VELINGARA,
Sierra Leone,NA,Eastern Province,Kailahun,
Sierra Leone,NA,Eastern Province,Kenema,
Sierra Leone,NA,Eastern Province,Kono,
Sierra Leone,NA,Southern Province,Bo,
Sierra Leone,NA,Southern Province,Bonthe,
Sierra Leone,NA,Southern Province,Moyamba,
Sierra Leone,NA,Southern Province,Pujehun,
Sierra Leone,NA,Northern Province,Bombali,
Sierra Leone,NA,Northern Province,Koinadugu,
Sierra Leone,NA,Northern Province,Port Loko,
Sierra Leone,NA,Northern Province,Tonkolili,
Sierra Leone,NA,Northern Province,Kambia,
Sierra Leone,NA,Western Area,Western Rural,
