adm0_name,adm0_code,adm0_pcod3,adm0_pcod2,adm1_name,adm1_code,adm1_pcod3,adm1_pcod2,adm2_name,adm2_code,adm2_pcod3,adm2_pcod2
Burkina Faso,42,BFA,BF,Boucle Du Mouhoun,40276,BFA046,BF46,Bale,154444,BFA046001,BF4601
Burkina Faso,42,BFA,BF,Boucle Du Mouhoun,40276,BFA046,BF46,Banwa,154442,BFA046002,BF4602
Burkina Faso,42,BFA,BF,Boucle Du Mouhoun,40276,BFA046,BF46,Kossi,154443,BFA046003,BF4603
Burkina Faso,42,BFA,BF,Boucle Du Mouhoun,40276,BFA046,BF46,Mouhoun,154445,BFA046004,BF4604
Burkina Faso,42,BFA,BF,Boucle Du Mouhoun,40276,BFA046,BF46,Nayala,154446,BFA046005,BF4605
Burkina Faso,42,BFA,BF,Boucle Du Mouhoun,40276,BFA046,BF46,Sourou,154447,BFA046006,BF4606
Burkina Faso,42,BFA,BF,Cascades,40277,BFA047,BF47,Comoe,154448,BFA047001,BF4701
Burkina Faso,42,BFA,BF,Cascades,40277,BFA047,BF47,Leraba,154449,BFA047002,BF4702
Burkina Faso,42,BFA,BF,Centre,40278,BFA013,BF13,Kadiogo,154450,BFA013000,BF1300
Burkina Faso,42,BFA,BF,Centre,40278,BFA013,BF13,Kadiogo,154450,BFA013000,BF1300
Burkina Faso,42,BFA,BF,Centre-Est,40279,BFA048,BF48,Boulgou,154451,BFA048001,BF4801
Burkina Faso,42,BFA,BF,Centre-Est,40279,BFA048,BF48,Kouritenga,154453,BFA048003,BF4803
Burkina Faso,42,BFA,BF,Centre-Est,40279,BFA048,BF48,Koulpelogo,154452,BFA048002,BF4802
Burkina Faso,42,BFA,BF,Centre-Nord,40280,BFA049,BF49,Bam,154454,BFA049001,BF4901
Burkina Faso,42,BFA,BF,Centre-Nord,40280,BFA049,BF49,Namentenga,154455,BFA049002,BF4902
Burkina Faso,42,BFA,BF,Centre-Nord,40280,BFA049,BF49,Sanmatenga,154456,BFA049003,BF4903
Burkina Faso,42,BFA,BF,Centre-Ouest,40281,BFA050,BF50,Boulkiemde,154457,BFA050001,BF5001
Burkina Faso,42,BFA,BF,Centre-Ouest,40281,BFA050,BF50,Sanguie,154458,BFA050002,BF5002
Burkina Faso,42,BFA,BF,Centre-Ouest,40281,BFA050,BF50,Sissili,154459,BFA050003,BF5003
Burkina Faso,42,BFA,BF,Centre-Ouest,40281,BFA050,BF50,Ziro,154460,BFA050004,BF5004
Burkina Faso,42,BFA,BF,Centre-Sud,40282,BFA051,BF51,Bazega,154461,BFA051001,BF5101
Burkina Faso,42,BFA,BF,Centre-Sud,40282,BFA051,BF51,Nahouri,154462,BFA051002,BF5102
Burkina Faso,42,BFA,BF,Centre-Sud,40282,BFA051,BF51,Zoundweogo,154463,BFA051003,BF5103
Burkina Faso,42,BFA,BF,Est,40283,BFA052,BF52,Gnagna,154464,BFA052001,BF5201
Burkina Faso,42,BFA,BF,Est,40283,BFA052,BF52,Gourma,154465,BFA052002,BF5202
Burkina Faso,42,BFA,BF,Est,40283,BFA052,BF52,Komonjdjari,154466,BFA052003,BF5203
Burkina Faso,42,BFA,BF,Est,40283,BFA052,BF52,Tapoa,154468,BFA052005,BF5205
Burkina Faso,42,BFA,BF,Est,40283,BFA052,BF52,Kompienga,154467,BFA052004,BF5204
Burkina Faso,42,BFA,BF,Hauts-Bassins,40284,BFA053,BF53,Houet,154469,BFA053001,BF5301
Burkina Faso,42,BFA,BF,Hauts-Bassins,40284,BFA053,BF53,Kenedougou,154470,BFA053002,BF5302
Burkina Faso,42,BFA,BF,Hauts-Bassins,40284,BFA053,BF53,Tuy,154471,BFA053003,BF5303
Burkina Faso,42,BFA,BF,Nord,40285,BFA054,BF54,Passore,154473,BFA054002,BF5402
Burkina Faso,42,BFA,BF,Nord,40285,BFA054,BF54,Yatenga,154474,BFA054003,BF5403
Burkina Faso,42,BFA,BF,Nord,40285,BFA054,BF54,Loroum,154472,BFA054001,BF5401
Burkina Faso,42,BFA,BF,Nord,40285,BFA054,BF54,Zondoma,154475,BFA054004,BF5404
Burkina Faso,42,BFA,BF,Plateau Central,40286,BFA055,BF55,Ganzourgou,154476,BFA055001,BF5501
Burkina Faso,42,BFA,BF,Plateau Central,40286,BFA055,BF55,Oubritenga,154478,BFA055003,BF5503
Burkina Faso,42,BFA,BF,Plateau Central,40286,BFA055,BF55,Kourweogo,154477,BFA055002,BF5502
Burkina Faso,42,BFA,BF,Sahel,40287,BFA056,BF56,Oudalan,154479,BFA056001,BF5601
Burkina Faso,42,BFA,BF,Sahel,40287,BFA056,BF56,Seno,154480,BFA056002,BF5602
Burkina Faso,42,BFA,BF,Sahel,40287,BFA056,BF56,Soum,154481,BFA056003,BF5603
Burkina Faso,42,BFA,BF,Sahel,40287,BFA056,BF56,Yagha,154482,BFA056004,BF5604
Burkina Faso,42,BFA,BF,Sud-Ouest,40288,BFA057,BF57,Bougouriba,154483,BFA057001,BF5701
Burkina Faso,42,BFA,BF,Sud-Ouest,40288,BFA057,BF57,Ioba,154484,BFA057002,BF5702
Burkina Faso,42,BFA,BF,Sud-Ouest,40288,BFA057,BF57,Noumbiel,154485,BFA057003,BF5703
Burkina Faso,42,BFA,BF,Sud-Ouest,40288,BFA057,BF57,Poni,154486,BFA057004,BF5704
Mali,155,MLI,ML,Tombouctou,1934,MLI006,ML06,Tombouctou,19420,MLI006005,ML0605
Mali,155,MLI,ML,Tombouctou,1934,MLI006,ML06,Gourma-Rharous,19418,MLI006003,ML0603
Mali,155,MLI,ML,Tombouctou,1934,MLI006,ML06,Goundam,19417,MLI006002,ML0602
Mali,155,MLI,ML,Tombouctou,1934,MLI006,ML06,Niafunke,19419,MLI006004,ML0604
Mali,155,MLI,ML,Tombouctou,1934,MLI006,ML06,Dire,19416,MLI006001,ML0601
Mali,155,MLI,ML,Kidal,1929,MLI008,ML08,Abeibara,19383,MLI008001,ML0801
Mali,155,MLI,ML,Kidal,1929,MLI008,ML08,Tessalit,19385,MLI008003,ML0803
Mali,155,MLI,ML,Kidal,1929,MLI008,ML08,Tin-Essako,19386,MLI008004,ML0804
Mali,155,MLI,ML,Kidal,1929,MLI008,ML08,Kidal,19384,MLI008002,ML0802
Mali,155,MLI,ML,Koulikoro,1930,MLI002,ML02,Koulikoro,19392,MLI002006,ML0206
Mali,155,MLI,ML,Koulikoro,1930,MLI002,ML02,Banamba,19387,MLI002001,ML0201
Mali,155,MLI,ML,Koulikoro,1930,MLI002,ML02,Dioila,19388,MLI002002,ML0202
Mali,155,MLI,ML,Koulikoro,1930,MLI002,ML02,Kangaba,19389,MLI002003,ML0203
Mali,155,MLI,ML,Koulikoro,1930,MLI002,ML02,Kati,19390,MLI002004,ML0204
Mali,155,MLI,ML,Koulikoro,1930,MLI002,ML02,Kolokani,19391,MLI002005,ML0205
Mali,155,MLI,ML,Koulikoro,1930,MLI002,ML02,Nara,19393,MLI002007,ML0207
Mali,155,MLI,ML,Kayes,1928,MLI001,ML01,Kenieba,19379,MLI001004,ML0104
Mali,155,MLI,ML,Kayes,1928,MLI001,ML01,Bafoulabe,19376,MLI001001,ML0101
Mali,155,MLI,ML,Kayes,1928,MLI001,ML01,Kita,19380,MLI001005,ML0105
Mali,155,MLI,ML,Kayes,1928,MLI001,ML01,Kayes,19378,MLI001003,ML0103
Mali,155,MLI,ML,Kayes,1928,MLI001,ML01,Diema,19377,MLI001002,ML0102
Mali,155,MLI,ML,Kayes,1928,MLI001,ML01,Nioro,19381,MLI001006,ML0106
Mali,155,MLI,ML,Kayes,1928,MLI001,ML01,Yelimane,19382,MLI001007,ML0107
Mali,155,MLI,ML,Segou,1932,MLI004,ML04,Baroueli,19402,MLI004001,ML0401
Mali,155,MLI,ML,Segou,1932,MLI004,ML04,Bla,19403,MLI004002,ML0402
Mali,155,MLI,ML,Segou,1932,MLI004,ML04,Macina,19404,MLI004003,ML0403
Mali,155,MLI,ML,Segou,1932,MLI004,ML04,Niono,19405,MLI004004,ML0404
Mali,155,MLI,ML,Segou,1932,MLI004,ML04,San,19406,MLI004005,ML0405
Mali,155,MLI,ML,Segou,1932,MLI004,ML04,Segou,19407,MLI004006,ML0406
Mali,155,MLI,ML,Segou,1932,MLI004,ML04,Tominian,19408,MLI004007,ML0407
Mali,155,MLI,ML,Sikasso,1933,MLI003,ML03,Bougouni,19409,MLI003001,ML0301
Mali,155,MLI,ML,Sikasso,1933,MLI003,ML03,Kadiolo,19410,MLI003002,ML0302
Mali,155,MLI,ML,Sikasso,1933,MLI003,ML03,Kolondieba,19411,MLI003003,ML0303
Mali,155,MLI,ML,Sikasso,1933,MLI003,ML03,Koutiala,19412,MLI003004,ML0304
Mali,155,MLI,ML,Sikasso,1933,MLI003,ML03,Sikasso,19413,MLI003005,ML0305
Mali,155,MLI,ML,Sikasso,1933,MLI003,ML03,Yanfolila,19414,MLI003006,ML0306
Mali,155,MLI,ML,Sikasso,1933,MLI003,ML03,Yorosso,19415,MLI003007,ML0307
Mali,155,MLI,ML,Gao,1927,MLI007,ML07,Gao,19374,MLI007003,ML0703
Mali,155,MLI,ML,Gao,1927,MLI007,ML07,Ansongo,19372,MLI007001,ML0701
Mali,155,MLI,ML,Gao,1927,MLI007,ML07,Menaka,19375,MLI007004,ML0704
Mali,155,MLI,ML,Gao,1927,MLI007,ML07,Bourem,19373,MLI007002,ML0702
Mali,155,MLI,ML,Mopti,1931,MLI005,ML05,Mopti,19399,MLI005006,ML0506
Mali,155,MLI,ML,Mopti,1931,MLI005,ML05,Koro,19398,MLI005005,ML0505
Mali,155,MLI,ML,Mopti,1931,MLI005,ML05,Youwarou,19401,MLI005008,ML0508
Mali,155,MLI,ML,Mopti,1931,MLI005,ML05,Bankass,19395,MLI005002,ML0502
Mali,155,MLI,ML,Mopti,1931,MLI005,ML05,Bandiagara,19394,MLI005001,ML0501
Mali,155,MLI,ML,Mopti,1931,MLI005,ML05,Djenne,19396,MLI005003,ML0503
Mali,155,MLI,ML,Mopti,1931,MLI005,ML05,Douentza,19397,MLI005004,ML0504
Mali,155,MLI,ML,Mopti,1931,MLI005,ML05,Tenenkou,19400,MLI005007,ML0507
Mauritania,159,MRT,MR,Hodh Ech Chargi,2010,MRT007,MR07,NA,NA,NA,NA
Mauritania,159,MRT,MR,Hodh El Gharbi,2011,MRT008,MR08,NA,NA,NA,NA
Mauritania,159,MRT,MR,Assaba,2005,MRT002,MR02,NA,NA,NA,NA
Mauritania,159,MRT,MR,Tagant,2014,MRT011,MR11,NA,NA,NA,NA
Mauritania,159,MRT,MR,Brakna,2006,MRT003,MR03,NA,NA,NA,NA
Mauritania,159,MRT,MR,Gorgol,2008,MRT005,MR05,NA,NA,NA,NA
Mauritania,159,MRT,MR,Guidimakha,2009,MRT006,MR06,NA,NA,NA,NA
Mauritania,159,MRT,MR,Trarza,2016,MRT013,MR13,NA,NA,NA,NA
Mauritania,159,MRT,MR,Adrar,2004,MRT001,MR01,NA,NA,NA,NA
Mauritania,159,MRT,MR,Inchiri,2012,MRT009,MR09,NA,NA,NA,NA
Mauritania,159,MRT,MR,Tiris-Zemmour,2015,MRT012,MR12,NA,NA,NA,NA
Mauritania,159,MRT,MR,Dakhlet-Nouadhibou,2007,MRT004,MR04,NA,NA,NA,NA
Mauritania,159,MRT,MR,Nouakchott,2013,MRT010,MR10,NA,NA,NA,NA
Mali,155,MLI,ML,Bamako,1926,MLI009,ML09,Bamako,NA,NA,ML0901
Niger,181,NER,NE,Niamey,2206,NER008,NE08,NA,NA,NA,NA
Nigeria,182,NGA,NG,Adamawa,2211,NGA002,NG02,NA,NA,NA,NA
Nigeria,182,NGA,NG,Borno,2216,NGA008,NG08,NA,NA,NA,NA
Nigeria,182,NGA,NG,Jigawa,2223,NGA018,NG18,NA,NA,NA,NA
Nigeria,182,NGA,NG,Yobe,2240,NGA036,NG36,NA,NA,NA,NA
Chad,50,TCD,TD,Batha,12904,TCD001,TD01,NA,NA,NA,NA
Chad,50,TCD,TD,Chari-Baguirmi,12910,TCD003,TD03,NA,NA,NA,NA
Chad,50,TCD,TD,Logone Occidental,876,TCD008,TD08,NA,NA,NA,NA
Chad,50,TCD,TD,Hadjer-Lamis,12911,TCD005,TD05,NA,NA,NA,NA
Chad,50,TCD,TD,Barh-El-Gazel,12914,TCD019,TD19,NA,NA,NA,NA
Chad,50,TCD,TD,Logone Oriental,12918,TCD009,TD09,NA,NA,NA,NA
Chad,50,TCD,TD,Mandoul,12925,TCD010,TD10,NA,NA,NA,NA
Chad,50,TCD,TD,Lac,875,TCD007,TD07,NA,NA,NA,NA
Chad,50,TCD,TD,Guera,873,TCD004,TD04,NA,NA,NA,NA
Chad,50,TCD,TD,Sila,12927,TCD021,TD21,NA,NA,NA,NA
Chad,50,TCD,TD,Tandjile,12930,TCD016,TD16,NA,NA,NA,NA
Chad,50,TCD,TD,Mayo Kebbi Est,12921,TCD011,TD11,NA,NA,NA,NA
Chad,50,TCD,TD,Ouaddai,12926,TCD014,TD14,NA,NA,NA,NA
Chad,50,TCD,TD,Kanem,12915,TCD006,TD06,NA,NA,NA,NA
Chad,50,TCD,TD,Mayo-Kebbi Ouest,12922,TCD012,TD12,NA,NA,NA,NA
Chad,50,TCD,TD,Salamat,881,TCD015,TD15,NA,NA,NA,NA
Chad,50,TCD,TD,Wadi Fira,870,TCD017,TD17,NA,NA,NA,NA
Chad,50,TCD,TD,Moyen-Chari,12923,TCD013,TD13,NA,NA,NA,NA
Niger,181,NER,NE,Agadez,2202,NER001,NE01,Tchirozerine,123654,NER001006,NE0106
Niger,181,NER,NE,Agadez,2202,NER001,NE01,Aderbissinat,22553,NER001001,NE0101
Niger,181,NER,NE,Agadez,2202,NER001,NE01,Arlit,123656,NER001002,NE0102
Niger,181,NER,NE,Agadez,2202,NER001,NE01,Iferouane,22551,NER001004,NE0104
Niger,181,NER,NE,Agadez,2202,NER001,NE01,Bilma,22552,NER001003,NE0103
Niger,181,NER,NE,Agadez,2202,NER001,NE01,Ingall,123655,NER001005,NE0105
Niger,181,NER,NE,Dosso,2204,NER003,NE03,Dogondoutchi,123661,NER003003,NE0303
Niger,181,NER,NE,Agadez,2202,NER001,NE01,Agadez Com,NA,NA,NA
Niger,181,NER,NE,Dosso,2204,NER003,NE03,Boboye,123646,NER003001,NE0301
Niger,181,NER,NE,Dosso,2204,NER003,NE03,Loga,22561,NER003007,NE0307
Niger,181,NER,NE,Dosso,2204,NER003,NE03,Gaya,22560,NER003006,NE0306
Niger,181,NER,NE,Dosso,2204,NER003,NE03,Dioundiou,123647,NER003002,NE0302
Niger,181,NER,NE,Dosso,2204,NER003,NE03,Dosso,22559,NER003004,NE0304
Niger,181,NER,NE,Tillaberi,2208,NER006,NE06,Abala,123644,NER006001,NE0601
Niger,181,NER,NE,Tillaberi,2208,NER006,NE06,Ayerou,123642,NER006002,NE0602
Niger,181,NER,NE,Tillaberi,2208,NER006,NE06,Balleyara,22578,NER006003,NE0603
Niger,181,NER,NE,Tillaberi,2208,NER006,NE06,Banibangou,123645,NER006004,NE0604
Niger,181,NER,NE,Tillaberi,2208,NER006,NE06,Kollo,22579,NER006008,NE0608
Niger,181,NER,NE,Tillaberi,2208,NER006,NE06,Ouallam,22580,NER006009,NE0609
Niger,181,NER,NE,Tillaberi,2208,NER006,NE06,Say,123648,NER006010,NE0610
Nigeria,182,NGA,NG,Adamawa,2211,NGA002,NG02,Central,NA,NA,NA
Niger,181,NER,NE,Tillaberi,2208,NER006,NE06,Torodi,22581,NER006013,NE0613
Nigeria,182,NGA,NG,Bauchi,65699,NGA005,NG05,Central,NA,NA,NA
Niger,181,NER,NE,Diffa,2203,NER002,NE02,Goudoumaria,22555,NER002003,NE0203
Niger,181,NER,NE,Diffa,2203,NER002,NE02,Bosso,123658,NER002001,NE0201
Niger,181,NER,NE,Diffa,2203,NER002,NE02,Diffa,22554,NER002002,NE0202
Niger,181,NER,NE,Diffa,2203,NER002,NE02,N'gourti,22556,NER002005,NE0205
Niger,181,NER,NE,Diffa,2203,NER002,NE02,N'guigmi,123657,NER002006,NE0206
Niger,181,NER,NE,Tahoua,2207,NER005,NE05,Abalak,123651,NER005001,NE0501
Niger,181,NER,NE,Tahoua,2207,NER005,NE05,Bagaroua,22573,NER005002,NE0502
Niger,181,NER,NE,Tahoua,2207,NER005,NE05,Birni N'konni,22571,NER005003,NE0503
Niger,181,NER,NE,Tahoua,2207,NER005,NE05,Bouza,22572,NER005004,NE0504
Niger,181,NER,NE,Tahoua,2207,NER005,NE05,Illela,123650,NER005005,NE0505
Niger,181,NER,NE,Tahoua,2207,NER005,NE05,Keita,22574,NER005006,NE0506
Niger,181,NER,NE,Tahoua,2207,NER005,NE05,Madaoua,22575,NER005007,NE0507
Niger,181,NER,NE,Tahoua,2207,NER005,NE05,Malbaza,123649,NER005008,NE0508
Niger,181,NER,NE,Tahoua,2207,NER005,NE05,Tassara,123653,NER005010,NE0510
Niger,181,NER,NE,Tahoua,2207,NER005,NE05,Tchintabaraden,123652,NER005011,NE0511
Niger,181,NER,NE,Tahoua,2207,NER005,NE05,Tillia,22577,NER005012,NE0512
Niger,181,NER,NE,Maradi,2205,NER004,NE04,Bermo,123660,NER004002,NE0402
Niger,181,NER,NE,Maradi,2205,NER004,NE04,Dakoro,22563,NER004003,NE0403
Niger,181,NER,NE,Maradi,2205,NER004,NE04,Gazaoua,123667,NER004004,NE0404
Niger,181,NER,NE,Maradi,2205,NER004,NE04,Madarounfa,22565,NER004006,NE0406
Niger,181,NER,NE,Maradi,2205,NER004,NE04,Mayahi,22566,NER004008,NE0408
Niger,181,NER,NE,Maradi,2205,NER004,NE04,Tessaoua,22567,NER004009,NE0409
Niger,181,NER,NE,Zinder,2209,NER007,NE07,Magaria,22585,NER007006,NE0706
Niger,181,NER,NE,Zinder,2209,NER007,NE07,Dungass,123665,NER007003,NE0703
Niger,181,NER,NE,Zinder,2209,NER007,NE07,Mirriah,123663,NER007007,NE0707
Niger,181,NER,NE,Zinder,2209,NER007,NE07,Damagaram Takaya,22587,NER007002,NE0702
Niger,181,NER,NE,Zinder,2209,NER007,NE07,Takeita,123662,NER007008,NE0708
Niger,181,NER,NE,Zinder,2209,NER007,NE07,Belbedji,22588,NER007001,NE0701
Niger,181,NER,NE,Zinder,2209,NER007,NE07,Tanout,123666,NER007009,NE0709
Niger,181,NER,NE,Zinder,2209,NER007,NE07,Tesker,22584,NER007010,NE0710
Nigeria,182,NGA,NG,Benue,2215,NGA007,NG07,Central,NA,NA,NA
Niger,181,NER,NE,Dosso,2204,NER003,NE03,Falmey,22557,NER003005,NE0305
Nigeria,182,NGA,NG,Borno,2216,NGA008,NG08,Central,NA,NA,NA
Nigeria,182,NGA,NG,Gombe,65704,NGA016,NG16,Central,NA,NA,NA
Niger,181,NER,NE,Maradi,2205,NER004,NE04,Aguie,22562,NER004001,NE0401
Niger,181,NER,NE,Tillaberi,2208,NER006,NE06,Bankilare,123640,NER006005,NE0605
Nigeria,182,NGA,NG,Kaduna,2224,NGA019,NG19,Central,NA,NA,NA
Nigeria,182,NGA,NG,Kano,2225,NGA020,NG20,Central,NA,NA,NA
Nigeria,182,NGA,NG,Katsina,2226,NGA021,NG21,Central,NA,NA,NA
Niger,181,NER,NE,Tillaberi,2208,NER006,NE06,Filingue,123643,NER006006,NE0606
Niger,181,NER,NE,Tillaberi,2208,NER006,NE06,Gotheye,22582,NER006007,NE0607
Niger,181,NER,NE,Tahoua,2207,NER005,NE05,Ville De Tahoua,22569,NER005013,NE0513
Niger,181,NER,NE,Maradi,2205,NER004,NE04,Ville De Maradi,123668,NER004007,NE0407
Niger,181,NER,NE,Zinder,2209,NER007,NE07,Ville De Zinder,22570,NER007011,NE0711
Niger,181,NER,NE,Zinder,2209,NER007,NE07,Goure,123664,NER007004,NE0704
Niger,181,NER,NE,Maradi,2205,NER004,NE04,Guidan-Roumdji,22564,NER004005,NE0405
Nigeria,182,NGA,NG,Kebbi,2227,NGA022,NG22,Central,NA,NA,NA
Niger,181,NER,NE,Zinder,2209,NER007,NE07,Kantche,22586,NER007005,NE0705
Niger,181,NER,NE,Diffa,2203,NER002,NE02,Maine-Soroa,123659,NER002004,NE0204
Nigeria,182,NGA,NG,Plateau,65707,NGA032,NG32,Central,NA,NA,NA
Nigeria,182,NGA,NG,Sokoto,65709,NGA034,NG34,Central,NA,NA,NA
Nigeria,182,NGA,NG,Taraba,2239,NGA035,NG35,Central,NA,NA,NA
Niger,181,NER,NE,Tahoua,2207,NER005,NE05,Tahoua Dep,NA,NA,NA
Niger,181,NER,NE,Tillaberi,2208,NER006,NE06,Tera,123641,NER006011,NE0611
Niger,181,NER,NE,Dosso,2204,NER003,NE03,Tibiri (Doutchi),22558,NER003008,NE0308
Niger,181,NER,NE,Tillaberi,2208,NER006,NE06,Tillaberi,22583,NER006012,NE0612
Nigeria,182,NGA,NG,Zamfara,65710,NGA037,NG37,Central,NA,NA,NA
Nigeria,182,NGA,NG,Katsina,2226,NGA021,NG21,Central - Sudan,NA,NA,NA
Nigeria,182,NGA,NG,Bauchi,65699,NGA005,NG05,Central  Zone 1,NA,NA,NA
Nigeria,182,NGA,NG,Plateau,65707,NGA032,NG32,Central Zone,NA,NA,NA
Nigeria,182,NGA,NG,Zamfara,65710,NGA037,NG37,Central Zone,NA,NA,NA
Mali,155,MLI,ML,Bamako,1926,MLI009,ML09,Commune I,NA,MLI00900101,ML090101
Mali,155,MLI,ML,Bamako,1926,MLI009,ML09,Commune II,NA,MLI00900102,ML090102
Mali,155,MLI,ML,Bamako,1926,MLI009,ML09,Commune III,NA,MLI00900103,ML090103
Nigeria,182,NGA,NG,Adamawa,2211,NGA002,NG02,Madagali,22610,NGA002010,NG0210
Nigeria,182,NGA,NG,Adamawa,2211,NGA002,NG02,Michika,22613,NGA002013,NG0213
Nigeria,182,NGA,NG,Adamawa,2211,NGA002,NG02,Mubi North,191101,NGA002014,NG0214
Nigeria,182,NGA,NG,Adamawa,2211,NGA002,NG02,Mubi South,191106,NGA002015,NG0215
Nigeria,182,NGA,NG,Adamawa,2211,NGA002,NG02,Maiha,22611,NGA002011,NG0211
Nigeria,182,NGA,NG,Adamawa,2211,NGA002,NG02,Gombi,191126,NGA002005,NG0205
Nigeria,182,NGA,NG,Adamawa,2211,NGA002,NG02,Hong,22608,NGA002007,NG0207
Nigeria,182,NGA,NG,Adamawa,2211,NGA002,NG02,Song,191111,NGA002018,NG0218
Nigeria,182,NGA,NG,Adamawa,2211,NGA002,NG02,Gireri,22606,NGA002004,NG0204
Nigeria,182,NGA,NG,Adamawa,2211,NGA002,NG02,Yola North,191139,NGA002020,NG0220
Nigeria,182,NGA,NG,Adamawa,2211,NGA002,NG02,Yola South,191141,NGA002021,NG0221
Nigeria,182,NGA,NG,Adamawa,2211,NGA002,NG02,Fufore,22604,NGA002002,NG0202
Nigeria,182,NGA,NG,Adamawa,2211,NGA002,NG02,Guyuk,22607,NGA002006,NG0206
Nigeria,182,NGA,NG,Adamawa,2211,NGA002,NG02,Shelleng,22616,NGA002017,NG0217
Nigeria,182,NGA,NG,Adamawa,2211,NGA002,NG02,Ganaye,191163,NGA002003,NG0203
Nigeria,182,NGA,NG,Adamawa,2211,NGA002,NG02,Demsa,191123,NGA002001,NG0201
Nigeria,182,NGA,NG,Adamawa,2211,NGA002,NG02,Lamurde,191121,NGA002009,NG0209
Nigeria,182,NGA,NG,Adamawa,2211,NGA002,NG02,Mayo-Belwa,22612,NGA002012,NG0212
Nigeria,182,NGA,NG,Adamawa,2211,NGA002,NG02,Toungo,191174,NGA002019,NG0219
Nigeria,182,NGA,NG,Adamawa,2211,NGA002,NG02,Numan,191125,NGA002016,NG0216
Nigeria,182,NGA,NG,Adamawa,2211,NGA002,NG02,Jada,22609,NGA002008,NG0208
Mali,155,MLI,ML,Bamako,1926,MLI009,ML09,Commune IV,NA,MLI00900104,ML090104
Nigeria,182,NGA,NG,Borno,2216,NGA008,NG08,Bama,22700,NGA008003,NG0803
Nigeria,182,NGA,NG,Borno,2216,NGA008,NG08,Maiduguri,191040,NGA008021,NG0821
Nigeria,182,NGA,NG,Borno,2216,NGA008,NG08,Jere,191026,NGA0080013,NG0813
Nigeria,182,NGA,NG,Borno,2216,NGA008,NG08,Mafa,191014,NGA008019,NG0819
Nigeria,182,NGA,NG,Borno,2216,NGA008,NG08,Kala/Balge,191010,NGA008015,NG0815
Nigeria,182,NGA,NG,Borno,2216,NGA008,NG08,Dikwa,22703,NGA008008,NG0808
Nigeria,182,NGA,NG,Borno,2216,NGA008,NG08,Konduga,191024,NGA008016,NG0816
Nigeria,182,NGA,NG,Borno,2216,NGA008,NG08,Ngala,191006,NGA008025,NG0825
Nigeria,182,NGA,NG,Borno,2216,NGA008,NG08,Askira/Uba,22699,NGA008002,NG0802
Nigeria,182,NGA,NG,Borno,2216,NGA008,NG08,Biu,191089,NGA008005,NG0805
Nigeria,182,NGA,NG,Borno,2216,NGA008,NG08,Damboa,191073,NGA008007,NG0807
Nigeria,182,NGA,NG,Borno,2216,NGA008,NG08,Chibok,191091,NGA008006,NG0806
Nigeria,182,NGA,NG,Borno,2216,NGA008,NG08,Gwoza,22704,NGA008011,NG0811
Nigeria,182,NGA,NG,Borno,2216,NGA008,NG08,Bayo,191093,NGA008004,NG0804
Nigeria,182,NGA,NG,Borno,2216,NGA008,NG08,Shani,191102,NGA008027,NG0827
Nigeria,182,NGA,NG,Borno,2216,NGA008,NG08,Hawul,191097,NGA008012,NG0812
Nigeria,182,NGA,NG,Borno,2216,NGA008,NG08,Kwaya Kusar,191099,NGA008018,NG0818
Nigeria,182,NGA,NG,Borno,2216,NGA008,NG08,Abadam,190950,NGA008001,NG0801
Nigeria,182,NGA,NG,Borno,2216,NGA008,NG08,Gubio,190969,NGA008009,NG0809
Nigeria,182,NGA,NG,Borno,2216,NGA008,NG08,Guzamala,190958,NGA008010,NG0810
Nigeria,182,NGA,NG,Borno,2216,NGA008,NG08,Kaga,191041,NGA008014,NG0814
Nigeria,182,NGA,NG,Borno,2216,NGA008,NG08,Kukawa,190954,NGA008017,NG0817
Nigeria,182,NGA,NG,Borno,2216,NGA008,NG08,Magumeri,190998,NGA008020,NG0820
Nigeria,182,NGA,NG,Borno,2216,NGA008,NG08,Monguno,190987,NGA008024,NG0824
Nigeria,182,NGA,NG,Borno,2216,NGA008,NG08,Nganzai,190976,NGA008026,NG0826
Nigeria,182,NGA,NG,Borno,2216,NGA008,NG08,Marte,191406,NGA008022,NG0822
Nigeria,182,NGA,NG,Borno,2216,NGA008,NG08,Mobbar,191407,NGA008023,NG0823
Mali,155,MLI,ML,Bamako,1926,MLI009,ML09,Commune V,NA,MLI00900105,ML090105
Mali,155,MLI,ML,Bamako,1926,MLI009,ML09,Commune VI,NA,MLI00900106,ML090106
Niger,181,NER,NE,Diffa,2203,NER002,NE02,Dffa Dep,NA,NA,NA
Nigeria,182,NGA,NG,Yobe,2240,NGA036,NG36,Bursari,190973,NGA036002,NG3602
Nigeria,182,NGA,NG,Yobe,2240,NGA036,NG36,Damaturu,191032,NGA036003,NG3603
Nigeria,182,NGA,NG,Yobe,2240,NGA036,NG36,Geidam,23120,NGA036006,NG3606
Nigeria,182,NGA,NG,Yobe,2240,NGA036,NG36,Gujba,191063,NGA036007,NG3607
Nigeria,182,NGA,NG,Yobe,2240,NGA036,NG36,Gulani,191085,NGA036008,NG3608
Nigeria,182,NGA,NG,Yobe,2240,NGA036,NG36,Tarmua,191003,NGA036015,NG3615
Nigeria,182,NGA,NG,Yobe,2240,NGA036,NG36,Yunusari,23124,NGA036016,NG3616
Nigeria,182,NGA,NG,Yobe,2240,NGA036,NG36,Bade,191423,NGA036001,NG3601
Nigeria,182,NGA,NG,Yobe,2240,NGA036,NG36,Jakusko,190982,NGA036009,NG3609
Nigeria,182,NGA,NG,Yobe,2240,NGA036,NG36,Karasuwa,190961,NGA036010,NG3610
Nigeria,182,NGA,NG,Yobe,2240,NGA036,NG36,Machina,190956,NGA036011,NG3611
Nigeria,182,NGA,NG,Yobe,2240,NGA036,NG36,Yusufari,190952,NGA036017,NG3617
Nigeria,182,NGA,NG,Yobe,2240,NGA036,NG36,Nangere,191028,NGA036012,NG3612
Nigeria,182,NGA,NG,Yobe,2240,NGA036,NG36,Fune,23119,NGA036005,NG3605
Nigeria,182,NGA,NG,Yobe,2240,NGA036,NG36,Fika,23118,NGA036004,NG3604
Nigeria,182,NGA,NG,Yobe,2240,NGA036,NG36,Nguru,190960,NGA036013,NG3613
Nigeria,182,NGA,NG,Yobe,2240,NGA036,NG36,Potiskum,191050,NGA036014,NG3614
Niger,181,NER,NE,Diffa,2203,NER002,NE02,Diffa Com,NA,NA,NA
Niger,181,NER,NE,Dosso,2204,NER003,NE03,Dosso Cu,NA,NA,NA
Niger,181,NER,NE,Dosso,2204,NER003,NE03,Dosso Departement,NA,NA,NA
Nigeria,182,NGA,NG,Niger,2231,NGA027,NG27,East,NA,NA,NA
Nigeria,182,NGA,NG,Sokoto,65709,NGA034,NG34,East,NA,NA,NA
Nigeria,182,NGA,NG,Jigawa,2223,NGA018,NG18,Eastern,NA,NA,NA
Nigeria,182,NGA,NG,Niger,2231,NGA027,NG27,Eastern,NA,NA,NA
Nigeria,182,NGA,NG,Sokoto,65709,NGA034,NG34,Eastern,NA,NA,NA
Nigeria,182,NGA,NG,Yobe,2240,NGA036,NG36,Eastern,NA,NA,NA
Niger,181,NER,NE,Maradi,2205,NER004,NE04,Maradi Arrondissement 1,NA,NA,NA
Niger,181,NER,NE,Maradi,2205,NER004,NE04,Maradi Arrondissement 2,NA,NA,NA
Niger,181,NER,NE,Maradi,2205,NER004,NE04,Maradi Arrondissement 3,NA,NA,NA
Niger,181,NER,NE,Niamey,2206,NER008,NE08,Niamey Arrondissement 1,NA,NER008001001,NE080101
Niger,181,NER,NE,Niamey,2206,NER008,NE08,Niamey Arrondissement 2,NA,NER008001002,NE080102
Niger,181,NER,NE,Niamey,2206,NER008,NE08,Niamey Arrondissement 3,NA,NER008001003,NE080103
Niger,181,NER,NE,Niamey,2206,NER008,NE08,Niamey Arrondissement 4,NA,NER008001004,NE080104
Niger,181,NER,NE,Niamey,2206,NER008,NE08,Niamey Arrondissement 5,NA,NER008001005,NE080105
Nigeria,182,NGA,NG,Federal Capital Territory,2221,NGA015,NG15,Abuja Municipal,NA,NA,NG1502
Nigeria,182,NGA,NG,Benue,2215,NGA007,NG07,North,NA,NA,NA
Nigeria,182,NGA,NG,Gombe,65704,NGA016,NG16,North,NA,NA,NA
Nigeria,182,NGA,NG,Kano,2225,NGA020,NG20,North,NA,NA,NA
Nigeria,182,NGA,NG,Kebbi,2227,NGA022,NG22,North,NA,NA,NA
Nigeria,182,NGA,NG,Niger,2231,NGA027,NG27,North,NA,NA,NA
Nigeria,182,NGA,NG,Taraba,2239,NGA035,NG35,North,NA,NA,NA
Nigeria,182,NGA,NG,Katsina,2226,NGA021,NG21,North (Sahel),NA,NA,NA
Nigeria,182,NGA,NG,Jigawa,2223,NGA018,NG18,North East,NA,NA,NA
Nigeria,182,NGA,NG,Jigawa,2223,NGA018,NG18,North South,NA,NA,NA
Nigeria,182,NGA,NG,Jigawa,2223,NGA018,NG18,North West,NA,NA,NA
Nigeria,182,NGA,NG,Adamawa,2211,NGA002,NG02,Northern,NA,NA,NA
Nigeria,182,NGA,NG,Bauchi,65699,NGA005,NG05,Northern,NA,NA,NA
Nigeria,182,NGA,NG,Borno,2216,NGA008,NG08,Northern,NA,NA,NA
Nigeria,182,NGA,NG,Kaduna,2224,NGA019,NG19,Northern,NA,NA,NA
Nigeria,182,NGA,NG,Kano,2225,NGA020,NG20,Northern,NA,NA,NA
Nigeria,182,NGA,NG,Katsina,2226,NGA021,NG21,Northern,NA,NA,NA
Nigeria,182,NGA,NG,Kebbi,2227,NGA022,NG22,Northern,NA,NA,NA
Nigeria,182,NGA,NG,Niger,2231,NGA027,NG27,Northern,NA,NA,NA
Nigeria,182,NGA,NG,Plateau,65707,NGA032,NG32,Northern,NA,NA,NA
Nigeria,182,NGA,NG,Taraba,2239,NGA035,NG35,Northern,NA,NA,NA
Nigeria,182,NGA,NG,Yobe,2240,NGA036,NG36,Northern,NA,NA,NA
Nigeria,182,NGA,NG,Zamfara,65710,NGA037,NG37,Northern,NA,NA,NA
Nigeria,182,NGA,NG,Katsina,2226,NGA021,NG21,Northern Guinea,NA,NA,NA
Nigeria,182,NGA,NG,Plateau,65707,NGA032,NG32,Northern Zone,NA,NA,NA
Nigeria,182,NGA,NG,Zamfara,65710,NGA037,NG37,Northern Zone,NA,NA,NA
Nigeria,182,NGA,NG,Bauchi,65699,NGA005,NG05,Northern Zone 2,NA,NA,NA
Nigeria,182,NGA,NG,Katsina,2226,NGA021,NG21,Sahel,NA,NA,NA
Nigeria,182,NGA,NG,Katsina,2226,NGA021,NG21,Sahel Savannah,NA,NA,NA
Nigeria,182,NGA,NG,Benue,2215,NGA007,NG07,South,NA,NA,NA
Nigeria,182,NGA,NG,Gombe,65704,NGA016,NG16,South,NA,NA,NA
Nigeria,182,NGA,NG,Kano,2225,NGA020,NG20,South,NA,NA,NA
Nigeria,182,NGA,NG,Sokoto,65709,NGA034,NG34,South,NA,NA,NA
Nigeria,182,NGA,NG,Katsina,2226,NGA021,NG21,South (Guinea),NA,NA,NA
Nigeria,182,NGA,NG,Adamawa,2211,NGA002,NG02,Southern,NA,NA,NA
Nigeria,182,NGA,NG,Bauchi,65699,NGA005,NG05,Southern,NA,NA,NA
Nigeria,182,NGA,NG,Borno,2216,NGA008,NG08,Southern,NA,NA,NA
Nigeria,182,NGA,NG,Jigawa,2223,NGA018,NG18,Southern,NA,NA,NA
Nigeria,182,NGA,NG,Kaduna,2224,NGA019,NG19,Southern,NA,NA,NA
Nigeria,182,NGA,NG,Kano,2225,NGA020,NG20,Southern,NA,NA,NA
Nigeria,182,NGA,NG,Katsina,2226,NGA021,NG21,Southern,NA,NA,NA
Nigeria,182,NGA,NG,Kebbi,2227,NGA022,NG22,Southern,NA,NA,NA
Nigeria,182,NGA,NG,Niger,2231,NGA027,NG27,Southern,NA,NA,NA
Nigeria,182,NGA,NG,Plateau,65707,NGA032,NG32,Southern,NA,NA,NA
Nigeria,182,NGA,NG,Sokoto,65709,NGA034,NG34,Southern,NA,NA,NA
Nigeria,182,NGA,NG,Taraba,2239,NGA035,NG35,Southern,NA,NA,NA
Nigeria,182,NGA,NG,Yobe,2240,NGA036,NG36,Southern,NA,NA,NA
Nigeria,182,NGA,NG,Katsina,2226,NGA021,NG21,Southern - Guinea,NA,NA,NA
Nigeria,182,NGA,NG,Plateau,65707,NGA032,NG32,Southern Zone,NA,NA,NA
Nigeria,182,NGA,NG,Bauchi,65699,NGA005,NG05,Southern Zone 3,NA,NA,NA
Nigeria,182,NGA,NG,Sokoto,65709,NGA034,NG34,State Level,NA,NA,NA
Nigeria,182,NGA,NG,Katsina,2226,NGA021,NG21,Sudan,NA,NA,NA
Nigeria,182,NGA,NG,Katsina,2226,NGA021,NG21,Sudan Savannah,NA,NA,NA
Niger,181,NER,NE,Tahoua,2207,NER005,NE05,Tahoua,22576,NER005009,NE0509
Niger,181,NER,NE,Tahoua,2207,NER005,NE05,Tahoua Arrondissement 1,NA,NA,NA
Niger,181,NER,NE,Tahoua,2207,NER005,NE05,Tahoua Arrondissement 2,NA,NA,NA
Niger,181,NER,NE,Tillaberi,2208,NER006,NE06,Tillaberi Commune,NA,NA,NA
Senegal,217,SEN,SN,Kolda,1375,SEN007,SN07,Velingara,25333,SEN007003,SN0703
Senegal,217,SEN,SN,Kolda,1375,SEN007,SN07,Kolda,1408,SEN007001,SN0701
Senegal,217,SEN,SN,Kolda,1375,SEN007,SN07,Medina Yoro Foulah,1499,SEN007002,SN0702
Senegal,217,SEN,SN,Louga,47587,SEN008,SN08,Louga,25336,SEN008003,SN0803
Senegal,217,SEN,SN,Louga,47587,SEN008,SN08,Linguere,47594,SEN008002,SN0802
Senegal,217,SEN,SN,Louga,47587,SEN008,SN08,Kebemer,25334,SEN008001,SN0801
Senegal,217,SEN,SN,Saint Louis,47589,SEN010,SN10,Dagana,47590,SEN010001,SN0101
Senegal,217,SEN,SN,Saint Louis,47589,SEN010,SN10,Podor,47598,SEN010002,SN1002
Senegal,217,SEN,SN,Saint Louis,47589,SEN010,SN10,Saint Louis,47600,SEN010003,SN1003
Senegal,217,SEN,SN,Matam,47588,SEN009,SN09,Ranerou,47599,SEN009003,SN0903
Senegal,217,SEN,SN,Matam,47588,SEN009,SN09,Matam,47595,SEN009002,SN0902
Senegal,217,SEN,SN,Matam,47588,SEN009,SN09,Kanel,47593,SEN009001,SN0901
Senegal,217,SEN,SN,Kedougou,1374,SEN006,SN06,Kedougou,1397,SEN006001,SN0601
Senegal,217,SEN,SN,Kedougou,1374,SEN006,SN06,Saraya,1538,SEN006003,SN0603
Senegal,217,SEN,SN,Kedougou,1374,SEN006,SN06,Salemata,1510,SEN006002,SN0602
Senegal,217,SEN,SN,Dakar,2636,SEN001,SN01,Rufisque,25321,SEN001004,SN0104
Senegal,217,SEN,SN,Kaffrine,1378,SEN004,SN04,Kaffrine,1396,SEN004002,SN0402
Senegal,217,SEN,SN,Kaffrine,1378,SEN004,SN04,Malem Hodar,1497,SEN004005,SN0405
Senegal,217,SEN,SN,Kaffrine,1378,SEN004,SN04,Birkelane,1380,SEN004001,SN0401
Senegal,217,SEN,SN,Kaffrine,1378,SEN004,SN04,Koungheul,1486,SEN004003,SN0403
Senegal,217,SEN,SN,Kaolack,1373,SEN005,SN05,Kaolack,25329,SEN005002,SN0502
Senegal,217,SEN,SN,Kaolack,1373,SEN005,SN05,Nioro Du Rip,25330,SEN005003,SN0503
Senegal,217,SEN,SN,Kaolack,1373,SEN005,SN05,Guinguineo,1395,SEN005001,SN0501
Senegal,217,SEN,SN,Fatick,47586,SEN003,SN03,Fatick,25325,SEN003001,SN0301
Senegal,217,SEN,SN,Fatick,47586,SEN003,SN03,Gossas,1383,SEN003003,SN0303
Senegal,217,SEN,SN,Fatick,47586,SEN003,SN03,Foundiougne,25326,SEN003002,SN0302
Senegal,217,SEN,SN,Diourbel,47585,SEN002,SN02,Diourbel,25323,SEN002002,SN0202
Senegal,217,SEN,SN,Diourbel,47585,SEN002,SN02,Bambey,25322,SEN002001,SN0201
Senegal,217,SEN,SN,Diourbel,47585,SEN002,SN02,Mbacke,47596,SEN002003,SN0203
Senegal,217,SEN,SN,Tambacounda,1377,SEN012,SN12,Bakel,1379,SEN012001,SN1201
Senegal,217,SEN,SN,Tambacounda,1377,SEN012,SN12,Goudiry,1384,SEN012002,SN1202
Senegal,217,SEN,SN,Tambacounda,1377,SEN012,SN12,Koumpentoum,1488,SEN012003,SN1203
Senegal,217,SEN,SN,Tambacounda,1377,SEN012,SN12,Tambacounda,1649,SEN012004,SN1204
Senegal,217,SEN,SN,Thies,2644,SEN013,SN13,Mbour,25343,SEN013001,SN1301
Senegal,217,SEN,SN,Thies,2644,SEN013,SN13,Thies,25344,SEN013002,SN1302
Senegal,217,SEN,SN,Thies,2644,SEN013,SN13,Tivaouane,25345,SEN013003,SN1303
Senegal,217,SEN,SN,Ziguinchor,2645,SEN014,SN14,Bignona,25346,SEN014001,SN1401
Senegal,217,SEN,SN,Ziguinchor,2645,SEN014,SN14,Oussouye,25347,SEN014002,SN1402
Senegal,217,SEN,SN,Ziguinchor,2645,SEN014,SN14,Ziguinchor,25348,SEN014003,SN1403
Senegal,217,SEN,SN,Sedhiou,1376,SEN011,SN11,Bounkiling,1381,SEN011001,SN1101
Senegal,217,SEN,SN,Sedhiou,1376,SEN011,SN11,Goudomp,1394,SEN011002,SN1102
Senegal,217,SEN,SN,Sedhiou,1376,SEN011,SN11,Sedhiou,1609,SEN011003,SN1103
Niger,181,NER,NE,Tillaberi,2208,NER006,NE06,Tillaberi Departement,NA,NA,NA
Nigeria,182,NGA,NG,Jigawa,2223,NGA018,NG18,Western,NA,NA,NA
Nigeria,182,NGA,NG,Zamfara,65710,NGA037,NG37,Western,NA,NA,NA
Nigeria,182,NGA,NG,Zamfara,65710,NGA037,NG37,Western Zone,NA,NA,NA
Nigeria,182,NGA,NG,Kano,2225,NGA020,NG20,Z1-Northern-Frwv,NA,NA,NA
Nigeria,182,NGA,NG,Kano,2225,NGA020,NG20,Z2-Central-Msc,NA,NA,NA
Nigeria,182,NGA,NG,Kano,2225,NGA020,NG20,Z3-Sahel-Mcl,NA,NA,NA
Niger,181,NER,NE,Zinder,2209,NER007,NE07,Zinder Arrondissement 1,NA,NA,NA
Niger,181,NER,NE,Zinder,2209,NER007,NE07,Zinder Arrondissement 2,NA,NA,NA
Niger,181,NER,NE,Zinder,2209,NER007,NE07,Zinder Arrondissement 3,NA,NA,NA
Niger,181,NER,NE,Zinder,2209,NER007,NE07,Zinder Arrondissement 4,NA,NA,NA
Niger,181,NER,NE,Zinder,2209,NER007,NE07,Zinder Arrondissement 5,NA,NA,NA
Chad,50,TCD,TD,Logone Occidental,876,TCD008,TD08,Lac Wey,65364,TCD008001,TD0801
Chad,50,TCD,TD,Logone Occidental,876,TCD008,TD08,Dodje,65387,TCD008002,TD0802
Chad,50,TCD,TD,Logone Occidental,876,TCD008,TD08,Gueni,65373,TCD008003,TD0803
Chad,50,TCD,TD,Logone Occidental,876,TCD008,TD08,Ngourkosso,65378,TCD008004,TD0804
Chad,50,TCD,TD,Logone Oriental,12918,TCD009,TD09,La Pende,65452,TCD009001,TD0901
Chad,50,TCD,TD,Logone Oriental,12918,TCD009,TD09,Kouh Est,65403,TCD009002,TD0902
Chad,50,TCD,TD,Logone Oriental,12918,TCD009,TD09,Kouh Ouest,65383,TCD009003,TD0903
Chad,50,TCD,TD,Logone Oriental,12918,TCD009,TD09,La Nya,65379,TCD009004,TD0904
Chad,50,TCD,TD,Logone Oriental,12918,TCD009,TD09,La Nya Pende,65391,TCD009005,TD0905
Chad,50,TCD,TD,Logone Oriental,12918,TCD009,TD09,Monts De Lam,65418,TCD009006,TD0906
Chad,50,TCD,TD,Mandoul,12925,TCD010,TD10,Barh Sara,65382,TCD010002,TD1002
Chad,50,TCD,TD,Mandoul,12925,TCD010,TD10,Mandoul Oriental,65384,TCD010001,TD1001
Chad,50,TCD,TD,Mandoul,12925,TCD010,TD10,Mandoul Occidental,65372,TCD010003,TD1003
Chad,50,TCD,TD,Tandjile,12930,TCD016,TD16,Tandjile Centre,65396,TCD016003,TD1603
Chad,50,TCD,TD,Tandjile,12930,TCD016,TD16,Tandjile Ouest,65363,TCD016002,TD1602
Chad,50,TCD,TD,Tandjile,12930,TCD016,TD16,Tandjile Est,65434,TCD016001,TD1601
Chad,50,TCD,TD,Chari-Baguirmi,12910,TCD003,TD03,Baguirmi,65377,TCD003001,TD0301
Chad,50,TCD,TD,Chari-Baguirmi,12910,TCD003,TD03,Loug Chari,65362,TCD003003,TD0303
Chad,50,TCD,TD,Chari-Baguirmi,12910,TCD003,TD03,Chari,65463,TCD003002,TD0302
Chad,50,TCD,TD,Mayo Kebbi Est,12921,TCD011,TD11,La Kabbia,65397,TCD011002,TD1102
Chad,50,TCD,TD,Mayo Kebbi Est,12921,TCD011,TD11,Mayo Boneye,65519,TCD011001,TD1101
Chad,50,TCD,TD,Mayo Kebbi Est,12921,TCD011,TD11,Mayo Lemye,65601,TCD011003,TD1103
Chad,50,TCD,TD,Mayo Kebbi Est,12921,TCD011,TD11,Mont Illi,65468,TCD011004,TD1104
Chad,50,TCD,TD,Mayo-Kebbi Ouest,12922,TCD012,TD12,Lac Lere,65406,TCD012002,TD1202
Chad,50,TCD,TD,Mayo-Kebbi Ouest,12922,TCD012,TD12,Mayo-Binder,65405,TCD012003,TD1203
Chad,50,TCD,TD,Mayo-Kebbi Ouest,12922,TCD012,TD12,Mayo Dallah,65435,TCD012001,TD1201
Chad,50,TCD,TD,Batha,12904,TCD001,TD01,Batha Ouest,65445,TCD001001,TD0101
Chad,50,TCD,TD,Batha,12904,TCD001,TD01,Batha Est,65442,TCD001002,TD0102
Chad,50,TCD,TD,Batha,12904,TCD001,TD01,Fittri,65469,TCD001003,TD0103
Chad,50,TCD,TD,Barh-El-Gazel,12914,TCD019,TD19,Barh-El-Gazel Nord,65657,TCD019002,TD1902
Chad,50,TCD,TD,Barh-El-Gazel,12914,TCD019,TD19,Barh-El-Gazel Ouest,65597,TCD019003,TD1903
Chad,50,TCD,TD,Barh-El-Gazel,12914,TCD019,TD19,Barh-El-Gazel Sud,65623,TCD019001,TD1901
Chad,50,TCD,TD,Kanem,12915,TCD006,TD06,Nord Kanem,65639,TCD006002,TD0602
Chad,50,TCD,TD,Kanem,12915,TCD006,TD06,Wadi Bissam,65357,TCD006003,TD0603
Chad,50,TCD,TD,Kanem,12915,TCD006,TD06,Kanem,65670,TCD006001,TD0601
Chad,50,TCD,TD,Hadjer-Lamis,12911,TCD005,TD05,Dababa,65414,TCD005002,TD0502
Chad,50,TCD,TD,Hadjer-Lamis,12911,TCD005,TD05,Dagana,65579,TCD005001,TD0501
Chad,50,TCD,TD,Hadjer-Lamis,12911,TCD005,TD05,Haraze Al Biar,65354,TCD005003,TD0503
Chad,50,TCD,TD,Salamat,881,TCD015,TD15,Bahr Azoum,65356,TCD015001,TD1501
Chad,50,TCD,TD,Salamat,881,TCD015,TD15,Aboudeia,65361,TCD015002,TD1502
Chad,50,TCD,TD,Salamat,881,TCD015,TD15,Haraze Mangueigne,65459,TCD015003,TD1503
Chad,50,TCD,TD,Moyen-Chari,12923,TCD013,TD13,Bahr Koh,65368,TCD013001,TD1301
Chad,50,TCD,TD,Moyen-Chari,12923,TCD013,TD13,Grande Sido,65577,TCD013002,TD1302
Chad,50,TCD,TD,Moyen-Chari,12923,TCD013,TD13,Lac Iro,65355,TCD013003,TD1303
Chad,50,TCD,TD,Sila,12927,TCD021,TD21,Djourf Al Ahmar,65365,TCD021002,TD2102
Chad,50,TCD,TD,Sila,12927,TCD021,TD21,Kimiti,65376,TCD021001,TD2101
Chad,50,TCD,TD,Guera,873,TCD004,TD04,Abtouyour,65410,TCD004002,TD0402
Chad,50,TCD,TD,Guera,873,TCD004,TD04,Guera,65404,TCD004001,TD0401
Chad,50,TCD,TD,Guera,873,TCD004,TD04,Mangalme,65429,TCD004004,TD0404
Chad,50,TCD,TD,Guera,873,TCD004,TD04,Barh Signaka,65431,TCD004003,TD0403
Chad,50,TCD,TD,Lac,875,TCD007,TD07,Mamdi,65415,TCD007001,TD0701
Chad,50,TCD,TD,Lac,875,TCD007,TD07,Wayi,65636,TCD007002,TD0702
Chad,50,TCD,TD,Ouaddai,12926,TCD014,TD14,Abdi,65351,TCD014002,TD1402
Chad,50,TCD,TD,Ouaddai,12926,TCD014,TD14,Assoungha,65374,TCD014003,TD1403
Chad,50,TCD,TD,Ouaddai,12926,TCD014,TD14,Ouara,65422,TCD014001,TD1401
Chad,50,TCD,TD,Wadi Fira,870,TCD017,TD17,Biltine,65360,TCD017001,TD1701
Chad,50,TCD,TD,Wadi Fira,870,TCD017,TD17,Dar Tama,65367,TCD017002,TD1702
Chad,50,TCD,TD,Wadi Fira,870,TCD017,TD17,Kobe,65521,TCD017003,TD1703
Chad,50,TCD,TD,Wadi Fira,870,TCD017,TD17,Megri,65507,TCD017004,TD1704
Chad,50,TCD,TD,Ennedi-Est,12906,TCD020,TD20,Am-Djarass,65466,TCD020001,TD2001
Chad,50,TCD,TD,Ennedi-Est,12906,TCD020,TD20,Wadi Hawar,65467,TCD020002,TD2002
Chad,50,TCD,TD,Ennedi-Ouest,12908,TCD023,TD23,Fada,65464,TCD023001,TD2301
Chad,50,TCD,TD,Ennedi-Ouest,12908,TCD023,TD23,Mourtcha,65465,TCD023003,TD2303
Chad,50,TCD,TD,Borkou,12907,TCD002,TD02,Borkou Yala,65417,TCD002002,TD0202
Chad,50,TCD,TD,Borkou,12907,TCD002,TD02,Borkou,65419,TCD002001,TD0201
Chad,50,TCD,TD,Lac,875,TCD007,TD07,Fouli,65416,TCD007004,TD0704
Chad,50,TCD,TD,Lac,875,TCD007,TD07,Kaya,65420,TCD007003,TD0703
Chad,50,TCD,TD,Tibesti,12909,TCD022,TD22,Tibesti Est,65683,TCD022001,TD2201
Chad,50,TCD,TD,Tibesti,12909,TCD022,TD22,Tibesti Ouest,65682,TCD022002,TD2202
