adm0_name,adm1_name,adm1_namechanged,adm1_code,adm1_pcod3,adm2_name,adm2_namechanged,adm2_code,adm2_pcod3,adm0_code,adm0_pcod3
Senegal,Tambacounda,Tambacounda,1377,SEN012,Bakel,Bakel,1379,SEN012001,217,SEN
Senegal,Kaffrine,Kaffrine,1378,SEN004,Birkelane,Birkelane,1380,SEN004001,217,SEN
Senegal,Sedhiou,Sedhiou,1376,SEN011,Bounkiling,Bounkiling,1381,SEN011001,217,SEN
Senegal,Dakar,Dakar,2636,SEN001,Dakar,Dakar,1382,SEN001001,217,SEN
Senegal,Fatick,Fatick,47586,SEN003,Gossas,Gossas,1383,SEN003003,217,SEN
Senegal,Tambacounda,Tambacounda,1377,SEN012,Goudiry,Goudiry,1384,SEN012002,217,SEN
Senegal,Sedhiou,Sedhiou,1376,SEN011,Goudomp,Goudomp,1394,SEN011002,217,SEN
Senegal,Kaolack,Kaolack,1373,SEN005,Guinguineo,Guinguineo,1395,SEN005001,217,SEN
Senegal,Kaffrine,Kaffrine,1378,SEN004,Kaffrine,Kaffrine,1396,SEN004002,217,SEN
Senegal,Kedougou,Kedougou,1374,SEN006,Kedougou,Kedougou,1397,SEN006001,217,SEN
Senegal,Dakar,Dakar,2636,SEN001,Guediawaye,Guediawaye,1398,SEN001002,217,SEN
Senegal,Dakar,Dakar,2636,SEN001,Pikine,Pikine,1399,SEN001003,217,SEN
Senegal,Kolda,Kolda,1375,SEN007,Kolda,Kolda,1408,SEN007001,217,SEN
Senegal,Kaffrine,Kaffrine,1378,SEN004,Koungheul,Koungheul,1486,SEN004003,217,SEN
Senegal,Tambacounda,Tambacounda,1377,SEN012,Koumpentoum,Koumpentoum,1488,SEN012003,217,SEN
Senegal,Kaffrine,Kaffrine,1378,SEN004,Malem Hodar,Malem Hodar,1497,SEN004005,217,SEN
Senegal,Kolda,Kolda,1375,SEN007,Medina Yoro Foulah,Medina Yoro Foulah,1499,SEN007002,217,SEN
Senegal,Kedougou,Kedougou,1374,SEN006,Salemata,Salemata,1510,SEN006002,217,SEN
Senegal,Kedougou,Kedougou,1374,SEN006,Saraya,Saraya,1538,SEN006003,217,SEN
Senegal,Sedhiou,Sedhiou,1376,SEN011,Sedhiou,Sedhiou,1609,SEN011003,217,SEN
Senegal,Tambacounda,Tambacounda,1377,SEN012,Tambacounda,Tambacounda,1649,SEN012004,217,SEN
Nigeria,Ouham,Ouham,865,NGA020,Kabo,Kabo,12896,NGA020020,182,NGA
Mali,Gao,Gao,1927,MLI007,Ansongo,Ansongo,19372,MLI007001,155,MLI
Mali,Gao,Gao,1927,MLI007,Bourem,Bourem,19373,MLI007002,155,MLI
Mali,Gao,Gao,1927,MLI007,Gao,Gao,19374,MLI007003,155,MLI
Mali,Gao,Gao,1927,MLI007,Menaka,Menaka,19375,MLI007004,155,MLI
Mali,Kayes,Kayes,1928,MLI001,Bafoulabe,Bafoulabe,19376,MLI001001,155,MLI
Mali,Kayes,Kayes,1928,MLI001,Diema,Diema,19377,MLI001002,155,MLI
Mali,Kayes,Kayes,1928,MLI001,Kayes,Kayes,19378,MLI001003,155,MLI
Mali,Kayes,Kayes,1928,MLI001,Kenieba,Kenieba,19379,MLI001004,155,MLI
Mali,Kayes,Kayes,1928,MLI001,Kita,Kita,19380,MLI001005,155,MLI
Mali,Kayes,Kayes,1928,MLI001,Nioro,Nioro,19381,MLI001006,155,MLI
Mali,Kayes,Kayes,1928,MLI001,Yelimane,Yelimane,19382,MLI001007,155,MLI
Mali,Kidal,Kidal,1929,MLI008,Abeibara,Abeibara,19383,MLI008001,155,MLI
Mali,Kidal,Kidal,1929,MLI008,Kidal,Kidal,19384,MLI008002,155,MLI
Mali,Kidal,Kidal,1929,MLI008,Tessalit,Tessalit,19385,MLI008003,155,MLI
Mali,Kidal,Kidal,1929,MLI008,Tin-Essako,Tin-Essako,19386,MLI008004,155,MLI
Mali,Koulikoro,Koulikoro,1930,MLI002,Banamba,Banamba,19387,MLI002001,155,MLI
Mali,Koulikoro,Koulikoro,1930,MLI002,Dioila,Dioila,19388,MLI002002,155,MLI
Mali,Koulikoro,Koulikoro,1930,MLI002,Kangaba,Kangaba,19389,MLI002003,155,MLI
Mali,Koulikoro,Koulikoro,1930,MLI002,Kati,Kati,19390,MLI002004,155,MLI
Mali,Koulikoro,Koulikoro,1930,MLI002,Kolokani,Kolokani,19391,MLI002005,155,MLI
Mali,Koulikoro,Koulikoro,1930,MLI002,Koulikoro,Koulikoro,19392,MLI002006,155,MLI
Mali,Koulikoro,Koulikoro,1930,MLI002,Nara,Nara,19393,MLI002007,155,MLI
Mali,Mopti,Mopti,1931,MLI005,Bandiagara,Bandiagara,19394,MLI005001,155,MLI
Mali,Mopti,Mopti,1931,MLI005,Bankass,Bankass,19395,MLI005002,155,MLI
Mali,Mopti,Mopti,1931,MLI005,Djenne,Djenne,19396,MLI005003,155,MLI
Mali,Mopti,Mopti,1931,MLI005,Douentza,Douentza,19397,MLI005004,155,MLI
Mali,Mopti,Mopti,1931,MLI005,Koro,Koro,19398,MLI005005,155,MLI
Mali,Mopti,Mopti,1931,MLI005,Mopti,Mopti,19399,MLI005006,155,MLI
Mali,Mopti,Mopti,1931,MLI005,Tenenkou,Tenenkou,19400,MLI005007,155,MLI
Mali,Mopti,Mopti,1931,MLI005,Youwarou,Youwarou,19401,MLI005008,155,MLI
Mali,Segou,Segou,1932,MLI004,Baroueli,Baroueli,19402,MLI004001,155,MLI
Mali,Segou,Segou,1932,MLI004,Bla,Bla,19403,MLI004002,155,MLI
Mali,Segou,Segou,1932,MLI004,Macina,Macina,19404,MLI004003,155,MLI
Mali,Segou,Segou,1932,MLI004,Niono,Niono,19405,MLI004004,155,MLI
Mali,Segou,Segou,1932,MLI004,San,San,19406,MLI004005,155,MLI
Mali,Segou,Segou,1932,MLI004,Segou,Segou,19407,MLI004006,155,MLI
Mali,Segou,Segou,1932,MLI004,Tominian,Tominian,19408,MLI004007,155,MLI
Mali,Sikasso,Sikasso,1933,MLI003,Bougouni,Bougouni,19409,MLI003001,155,MLI
Mali,Sikasso,Sikasso,1933,MLI003,Kadiolo,Kadiolo,19410,MLI003002,155,MLI
Mali,Sikasso,Sikasso,1933,MLI003,Kolondieba,Kolondieba,19411,MLI003003,155,MLI
Mali,Sikasso,Sikasso,1933,MLI003,Koutiala,Koutiala,19412,MLI003004,155,MLI
Mali,Sikasso,Sikasso,1933,MLI003,Sikasso,Sikasso,19413,MLI003005,155,MLI
Mali,Sikasso,Sikasso,1933,MLI003,Yanfolila,Yanfolila,19414,MLI003006,155,MLI
Mali,Sikasso,Sikasso,1933,MLI003,Yorosso,Yorosso,19415,MLI003007,155,MLI
Mali,Tombouctou,Tombouctou,1934,MLI006,Dire,Dire,19416,MLI006001,155,MLI
Mali,Tombouctou,Tombouctou,1934,MLI006,Goundam,Goundam,19417,MLI006002,155,MLI
Mali,Tombouctou,Tombouctou,1934,MLI006,Gourma-Rharous,Gourma-Rharous,19418,MLI006003,155,MLI
Mali,Tombouctou,Tombouctou,1934,MLI006,Niafunke,Niafunke,19419,MLI006004,155,MLI
Mali,Tombouctou,Tombouctou,1934,MLI006,Tombouctou,Tombouctou,19420,MLI006005,155,MLI
Mauritania,Adrar,Adrar,2004,MRT001,Aoujeft,Aoujeft,19490,MRT001001,159,MRT
Mauritania,Adrar,Adrar,2004,MRT001,Atar,Atar,19491,MRT001002,159,MRT
Mauritania,Assaba,Assaba,2005,MRT002,Barkeol,Barkeol,19494,MRT002001,159,MRT
Mauritania,Assaba,Assaba,2005,MRT002,Boumdeid,Boumdeid,19495,MRT002002,159,MRT
Mauritania,Assaba,Assaba,2005,MRT002,Guerrou,Guerrou,19496,MRT002003,159,MRT
Mauritania,Assaba,Assaba,2005,MRT002,Kankossa,Kankossa,19497,MRT002004,159,MRT
Mauritania,Assaba,Assaba,2005,MRT002,Kiffa,Kiffa,19498,MRT002005,159,MRT
Mauritania,Brakna,Brakna,2006,MRT003,Aleg,Aleg,19499,MRT003001,159,MRT
Mauritania,Brakna,Brakna,2006,MRT003,Bababe,Bababe,19500,MRT003002,159,MRT
Mauritania,Brakna,Brakna,2006,MRT003,Boghe,Boghe,19501,MRT003003,159,MRT
Mauritania,Brakna,Brakna,2006,MRT003,M'Bagne,M'Bagne,19502,MRT003005,159,MRT
Mauritania,Brakna,Brakna,2006,MRT003,Maghta Lahjar,Maghta Lahjar,19503,MRT003004,159,MRT
Mauritania,Dakhlet-Nouadhibou,Dakhlet-Nouadhibou,2007,MRT004,Nouadhibou,Nouadhibou,19504,MRT004000,159,MRT
Mauritania,Gorgol,Gorgol,2008,MRT005,Kaedi,Kaedi,19505,MRT005001,159,MRT
Mauritania,Gorgol,Gorgol,2008,MRT005,M'Bout,M'Bout,19506,MRT005003,159,MRT
Mauritania,Gorgol,Gorgol,2008,MRT005,Maghama,Maghama,19507,MRT005002,159,MRT
Mauritania,Gorgol,Gorgol,2008,MRT005,Monguel,Monguel,19508,MRT005004,159,MRT
Mauritania,Guidimakha,Guidimakha,2009,MRT006,Ould Yenge,Ould Yenge,19509,MRT006001,159,MRT
Mauritania,Guidimakha,Guidimakha,2009,MRT006,Selibaby,Selibaby,19510,MRT006002,159,MRT
Mauritania,Hodh Ech Chargi,Hodh Ech Chargi,2010,MRT007,Amourj,Amourj,19511,MRT007001,159,MRT
Mauritania,Hodh Ech Chargi,Hodh Ech Chargi,2010,MRT007,Bassikounou,Bassikounou,19512,MRT007002,159,MRT
Mauritania,Hodh Ech Chargi,Hodh Ech Chargi,2010,MRT007,Djigueni,Djigueni,19513,MRT007003,159,MRT
Mauritania,Hodh Ech Chargi,Hodh Ech Chargi,2010,MRT007,Nema,Nema,19514,MRT007004,159,MRT
Mauritania,Hodh Ech Chargi,Hodh Ech Chargi,2010,MRT007,Oualata,Oualata,19515,MRT007005,159,MRT
Mauritania,Hodh Ech Chargi,Hodh Ech Chargi,2010,MRT007,Timbedra,Timbedra,19516,MRT007006,159,MRT
Mauritania,Hodh El Gharbi,Hodh El Gharbi,2011,MRT008,Aioun,Aioun,19517,MRT008001,159,MRT
Mauritania,Hodh El Gharbi,Hodh El Gharbi,2011,MRT008,Kobeni,Kobeni,19518,MRT008002,159,MRT
Mauritania,Hodh El Gharbi,Hodh El Gharbi,2011,MRT008,Tamchekett,Tamchekett,19519,MRT008003,159,MRT
Mauritania,Hodh El Gharbi,Hodh El Gharbi,2011,MRT008,Tintane,Tintane,19520,MRT008004,159,MRT
Mauritania,Inchiri,Inchiri,2012,MRT009,Akjoujt,Akjoujt,19521,MRT009000,159,MRT
Mauritania,Nouakchott,Nouakchott,2013,MRT010,Nouakchott,Nouakchott,19522,MRT010010,159,MRT
Mauritania,Tagant,Tagant,2014,MRT011,Moudjeria,Moudjeria,19523,MRT011001,159,MRT
Mauritania,Tagant,Tagant,2014,MRT011,Tichitt,Tichitt,19524,MRT011002,159,MRT
Mauritania,Tagant,Tagant,2014,MRT011,Tidjikja,Tidjikja,19525,MRT011003,159,MRT
Mauritania,Tiris-Zemmour,Tiris-Zemmour,2015,MRT012,Bir Mogrein,Bir Mogrein,19526,MRT012001,159,MRT
Mauritania,Tiris-Zemmour,Tiris-Zemmour,2015,MRT012,F'Derik,F'Derik,19527,MRT012002,159,MRT
Mauritania,Tiris-Zemmour,Tiris-Zemmour,2015,MRT012,Zoueratt,Zoueratt,19528,MRT012003,159,MRT
Mauritania,Trarza,Trarza,2016,MRT013,Boutilimit,Boutilimit,19529,MRT013001,159,MRT
Mauritania,Trarza,Trarza,2016,MRT013,Keur-Macene,Keur-Macene,19530,MRT013002,159,MRT
Mauritania,Trarza,Trarza,2016,MRT013,Mederdra,Mederdra,19531,MRT013003,159,MRT
Mauritania,Trarza,Trarza,2016,MRT013,Ouad Naga,Ouad Naga,19532,MRT013004,159,MRT
Mauritania,Trarza,Trarza,2016,MRT013,R'kiz,R'kiz,19533,MRT013005,159,MRT
Mauritania,Trarza,Trarza,2016,MRT013,Rosso,Rosso,19534,MRT013006,159,MRT
Niger,Agadez,Agadez,NA,NER001,Iferouane,Iferouane,22551,NER001004,181,NER
Niger,Agadez,Agadez,NA,NER001,Bilma,Bilma,22552,NER001003,181,NER
Niger,Agadez,Agadez,NA,NER001,Aderbissinat,Aderbissinat,22553,NER001001,181,NER
Niger,Diffa,Diffa,NA,NER002,Diffa,Diffa,22554,NER002002,181,NER
Niger,Diffa,Diffa,NA,NER002,Goudoumaria,Goudoumaria,22555,NER002003,181,NER
Niger,Diffa,Diffa,NA,NER002,Ngourti,Ngourti,22556,NER002005,181,NER
Niger,Dosso,Dosso,NA,NER003,Falmey,Falmey,22557,NER003005,181,NER
Niger,Dosso,Dosso,NA,NER003,Tibiri,Tibiri,22558,NER003008,181,NER
Niger,Dosso,Dosso,NA,NER003,Dosso,Dosso,22559,NER003004,181,NER
Niger,Dosso,Dosso,NA,NER003,Gaya,Gaya,22560,NER003006,181,NER
Niger,Dosso,Dosso,NA,NER003,Loga,Loga,22561,NER003007,181,NER
Niger,Maradi,Maradi,NA,NER004,Aguie,Aguie,22562,NER004001,181,NER
Niger,Maradi,Maradi,NA,NER004,Dakoro,Dakoro,22563,NER004003,181,NER
Niger,Maradi,Maradi,NA,NER004,Guidan Roumji,Guidan Roumji,22564,NER004005,181,NER
Niger,Maradi,Maradi,NA,NER004,Madarounfa,Madarounfa,22565,NER004006,181,NER
Niger,Maradi,Maradi,NA,NER004,Mayahi,Mayahi,22566,NER004008,181,NER
Niger,Maradi,Maradi,NA,NER004,Tessaoua,Tessaoua,22567,NER004009,181,NER
Niger,Niamey,Niamey,NA,NER008,Ville de Niamey,Ville de Niamey,22568,NER008001,181,NER
Niger,Tahoua,Tahoua,NA,NER005,Ville de Tahoua,Ville de Tahoua,22569,NER005013,181,NER
Niger,Zinder,Zinder,NA,NER007,Ville de Zinder,Ville de Zinder,22569,NER007011,181,NER
Niger,Tahoua,Tahoua,NA,NER005,Birni N'Konni,Birni N'Konni,22571,NER005003,181,NER
Niger,Tahoua,Tahoua,NA,NER005,Bouza,Bouza,22572,NER005004,181,NER
Niger,Tahoua,Tahoua,NA,NER005,Bagaroua,Bagaroua,22573,NER005002,181,NER
Niger,Tahoua,Tahoua,NA,NER005,Keita,Keita,22574,NER005006,181,NER
Niger,Tahoua,Tahoua,NA,NER005,Madaoua,Madaoua,22575,NER005007,181,NER
Niger,Tahoua,Tahoua,NA,NER005,Tahoua,Tahoua,22576,NER005009,181,NER
Niger,Tahoua,Tahoua,NA,NER005,Tillia,Tillia,22577,NER005012,181,NER
Niger,Tillaberi,Tillaberi,NA,NER006,Balleyara,Balleyara,22578,NER006003,181,NER
Niger,Tillaberi,Tillaberi,NA,NER006,Kollo,Kollo,22579,NER006008,181,NER
Niger,Tillaberi,Tillaberi,NA,NER006,Ouallam,Ouallam,22580,NER006009,181,NER
Niger,Tillaberi,Tillaberi,NA,NER006,Torodi,Torodi,22581,NER006013,181,NER
Niger,Tillaberi,Tillaberi,NA,NER006,Gotheye,Gotheye,22582,NER006007,181,NER
Niger,Tillaberi,Tillaberi,NA,NER006,Tillaberi,Tillaberi,22583,NER006012,181,NER
Niger,Zinder,Zinder,NA,NER007,Tasker,Tasker,22584,NER007010,181,NER
Niger,Zinder,Zinder,NA,NER007,Magaria,Magaria,22585,NER007006,181,NER
Niger,Zinder,Zinder,NA,NER007,Kantché,Kantché,22586,NER007005,181,NER
Niger,Zinder,Zinder,NA,NER007,Damagaram Takaya,Damagaram Takaya,22587,NER007002,181,NER
Niger,Zinder,Zinder,NA,NER007,Belbedji,Belbedji,22588,NER007001,181,NER
Nigeria,Ebonyi,Ebonyi,65701,NGA011,Afikpo North,Afikpo North,22590,NGA011002,182,NGA
Nigeria,Ebonyi,Ebonyi,65701,NGA011,Afikpo South,Afikpo South,22591,NGA011003,182,NGA
Nigeria,Abia,Abia,65698,NGA001,Arochukwu,Arochukwu,22592,NGA001003,182,NGA
Nigeria,Abia,Abia,65698,NGA001,Bende,Bende,22593,NGA001004,182,NGA
Nigeria,Abia,Abia,65698,NGA001,Ikwuano,Ikwuano,22594,NGA001005,182,NGA
Nigeria,Abia,Abia,65698,NGA001,Ohafia,Ohafia,22598,NGA001010,182,NGA
Nigeria,Ebonyi,Ebonyi,65701,NGA011,Onicha,Onicha,22600,NGA011013,182,NGA
Nigeria,Abia,Abia,65698,NGA001,Ukwa East,Ukwa East,22601,NGA001013,182,NGA
Nigeria,Abia,Abia,65698,NGA001,Osisioma Ngwa,Osisioma Ngwa,22602,NGA001011,182,NGA
Nigeria,Abia,Abia,65698,NGA001,Ukwa West,Ukwa West,22602,NGA001014,182,NGA
Nigeria,Adamawa,Adamawa,2211,NGA002,Fufore,Fufore,22604,NGA002002,182,NGA
Nigeria,Adamawa,Adamawa,2211,NGA002,Gireri,Gireri,22606,NGA002004,182,NGA
Nigeria,Adamawa,Adamawa,2211,NGA002,Guyuk,Guyuk,22607,NGA002006,182,NGA
Nigeria,Adamawa,Adamawa,2211,NGA002,Hong,Hong,22608,NGA002007,182,NGA
Nigeria,Adamawa,Adamawa,2211,NGA002,Jada,Jada,22609,NGA002008,182,NGA
Nigeria,Adamawa,Adamawa,2211,NGA002,Madagali,Madagali,22610,NGA002010,182,NGA
Nigeria,Adamawa,Adamawa,2211,NGA002,Maiha,Maiha,22611,NGA002011,182,NGA
Nigeria,Adamawa,Adamawa,2211,NGA002,Mayo-Belwa,Mayo-Belwa,22612,NGA002012,182,NGA
Nigeria,Adamawa,Adamawa,2211,NGA002,Michika,Michika,22613,NGA002013,182,NGA
Nigeria,Adamawa,Adamawa,2211,NGA002,Shelleng,Shelleng,22616,NGA002017,182,NGA
Nigeria,Akwa Ibom,Akwa Ibom,2212,NGA003,Abak,Abak,22619,NGA003001,182,NGA
Nigeria,Akwa Ibom,Akwa Ibom,2212,NGA003,Eket,Eket,22620,NGA003003,182,NGA
Nigeria,Akwa Ibom,Akwa Ibom,2212,NGA003,Essien Udim,Essien Udim,22622,NGA003005,182,NGA
Nigeria,Akwa Ibom,Akwa Ibom,2212,NGA003,Ikono,Ikono,22625,NGA003012,182,NGA
Nigeria,Akwa Ibom,Akwa Ibom,2212,NGA003,Ini,Ini,22628,NGA003015,182,NGA
Nigeria,Akwa Ibom,Akwa Ibom,2212,NGA003,Mkpat Enin,Mkpat Enin,22631,NGA003018,182,NGA
Nigeria,Akwa Ibom,Akwa Ibom,2212,NGA003,Nsit Ibom,Nsit Ibom,22632,NGA003020,182,NGA
Nigeria,Akwa Ibom,Akwa Ibom,2212,NGA003,Nsit Ubium,Nsit Ubium,22633,NGA003021,182,NGA
Nigeria,Akwa Ibom,Akwa Ibom,2212,NGA003,Okobo,Okobo,22634,NGA003023,182,NGA
Nigeria,Akwa Ibom,Akwa Ibom,2212,NGA003,Onna,Onna,22635,NGA003024,182,NGA
Nigeria,Akwa Ibom,Akwa Ibom,2212,NGA003,Oruk Anam,Oruk Anam,22637,NGA003026,182,NGA
Nigeria,Akwa Ibom,Akwa Ibom,2212,NGA003,Ukanafun,Ukanafun,22638,NGA003028,182,NGA
Nigeria,Akwa Ibom,Akwa Ibom,2212,NGA003,Uruan,Uruan,22640,NGA003029,182,NGA
Nigeria,Akwa Ibom,Akwa Ibom,2212,NGA003,Mbo,Mbo,22641,NGA003017,182,NGA
Nigeria,Anambra,Anambra,2213,NGA004,Aguata,Aguata,22643,NGA004001,182,NGA
Nigeria,Anambra,Anambra,2213,NGA004,Anambra West,Anambra West,22644,NGA004003,182,NGA
Nigeria,Anambra,Anambra,2213,NGA004,Anaocha,Anaocha,22645,NGA004004,182,NGA
Nigeria,Anambra,Anambra,2213,NGA004,Awka North,Awka North,22646,NGA004005,182,NGA
Nigeria,Anambra,Anambra,2213,NGA004,Awka South,Awka South,22647,NGA004006,182,NGA
Nigeria,Anambra,Anambra,2213,NGA004,Ihiala,Ihiala,22649,NGA004012,182,NGA
Nigeria,Anambra,Anambra,2213,NGA004,Nnewi South,Nnewi South,22652,NGA004015,182,NGA
Nigeria,Anambra,Anambra,2213,NGA004,Ogbaru,Ogbaru,22653,NGA004016,182,NGA
Nigeria,Anambra,Anambra,2213,NGA004,Orumba North,Orumba North,22655,NGA004019,182,NGA
Nigeria,Anambra,Anambra,2213,NGA004,Orumba South,Orumba South,22656,NGA004020,182,NGA
Nigeria,Gombe,Gombe,65704,NGA016,Akko,Akko,22658,NGA016001,182,NGA
Nigeria,Gombe,Gombe,65704,NGA016,Balanga,Balanga,22660,NGA016002,182,NGA
Nigeria,Bauchi,Bauchi,65699,NGA005,Bauchi,Bauchi,22661,NGA005002,182,NGA
Nigeria,Gombe,Gombe,65704,NGA016,Billiri,Billiri,22662,NGA016003,182,NGA
Nigeria,Bauchi,Bauchi,65699,NGA005,Darazo,Darazo,22663,NGA005005,182,NGA
Nigeria,Bauchi,Bauchi,65699,NGA005,Dass,Dass,22664,NGA005006,182,NGA
Nigeria,Gombe,Gombe,65704,NGA016,Dukku,Dukku,22665,NGA016004,182,NGA
Nigeria,Bauchi,Bauchi,65699,NGA005,Gamawa,Gamawa,22666,NGA005007,182,NGA
Nigeria,Bauchi,Bauchi,65699,NGA005,Ganjuwa,Ganjuwa,22667,NGA005008,182,NGA
Nigeria,Bauchi,Bauchi,65699,NGA005,Itas/Gadau,Itas/Gadau,22669,NGA005010,182,NGA
Nigeria,Bauchi,Bauchi,65699,NGA005,Jama'are,Jama'are,22670,NGA005011,182,NGA
Nigeria,Bauchi,Bauchi,65699,NGA005,Toro,Toro,22678,NGA005018,182,NGA
Nigeria,Gombe,Gombe,65704,NGA016,Yamaltu/Deba,Yamaltu/Deba,22679,NGA016011,182,NGA
Nigeria,Bauchi,Bauchi,65699,NGA005,Zaki,Zaki,22680,NGA005020,182,NGA
Nigeria,Benue,Benue,2215,NGA007,Ado,Ado,22681,NGA007001,182,NGA
Nigeria,Benue,Benue,2215,NGA007,Buruku,Buruku,22683,NGA007004,182,NGA
Nigeria,Benue,Benue,2215,NGA007,Guma,Guma,22685,NGA007006,182,NGA
Nigeria,Benue,Benue,2215,NGA007,Gwer East,Gwer East,22686,NGA007007,182,NGA
Nigeria,Benue,Benue,2215,NGA007,Gwer West,Gwer West,22687,NGA007008,182,NGA
Nigeria,Benue,Benue,2215,NGA007,Konshisha,Konshisha,22689,NGA007010,182,NGA
Nigeria,Benue,Benue,2215,NGA007,Kwande,Kwande,22690,NGA007011,182,NGA
Nigeria,Benue,Benue,2215,NGA007,Makurdi,Makurdi,22691,NGA007013,182,NGA
Nigeria,Benue,Benue,2215,NGA007,Ogbadibo,Ogbadibo,22692,NGA007015,182,NGA
Nigeria,Benue,Benue,2215,NGA007,Okpokwu,Okpokwu,22694,NGA007018,182,NGA
Nigeria,Benue,Benue,2215,NGA007,Ukum,Ukum,22696,NGA007021,182,NGA
Nigeria,Benue,Benue,2215,NGA007,Ushongo,Ushongo,22697,NGA007022,182,NGA
Nigeria,Benue,Benue,2215,NGA007,Vandeikya,Vandeikya,22698,NGA007023,182,NGA
Nigeria,Borno,Borno,2216,NGA008,Askira/Uba,Askira/Uba,22699,NGA008002,182,NGA
Nigeria,Borno,Borno,2216,NGA008,Bama,Bama,22700,NGA008003,182,NGA
Nigeria,Borno,Borno,2216,NGA008,Dikwa,Dikwa,22703,NGA008008,182,NGA
Nigeria,Borno,Borno,2216,NGA008,Gwoza,Gwoza,22704,NGA008011,182,NGA
Nigeria,Cross River,Cross River,2217,NGA009,Abi,Abi,22713,NGA009001,182,NGA
Nigeria,Cross River,Cross River,2217,NGA009,Akamkpa,Akamkpa,22714,NGA009002,182,NGA
Nigeria,Cross River,Cross River,2217,NGA009,Biase,Biase,22716,NGA009006,182,NGA
Nigeria,Cross River,Cross River,2217,NGA009,Boki,Boki,22717,NGA009008,182,NGA
Nigeria,Cross River,Cross River,2217,NGA009,Boki,Boki,22717,NGA009008,182,NGA
Nigeria,Cross River,Cross River,2217,NGA009,Obubra,Obubra,22720,NGA009013,182,NGA
Nigeria,Cross River,Cross River,2217,NGA009,Obubra,Obubra,22720,NGA009013,182,NGA
Nigeria,Cross River,Cross River,2217,NGA009,Obudu,Obudu,22722,NGA009014,182,NGA
Nigeria,Cross River,Cross River,2217,NGA009,Yakurr,Yakurr,22725,NGA009017,182,NGA
Nigeria,Cross River,Cross River,2217,NGA009,Yala,Yala,22726,NGA009018,182,NGA
Nigeria,Delta,Delta,2218,NGA010,Aniocha North,Aniocha North,22727,NGA010001,182,NGA
Nigeria,Delta,Delta,2218,NGA010,Aniocha South,Aniocha South,22728,NGA010002,182,NGA
Nigeria,Delta,Delta,2218,NGA010,Burutu,Burutu,22730,NGA010004,182,NGA
Nigeria,Delta,Delta,2218,NGA010,Ethiope West,Ethiope West,22732,NGA010006,182,NGA
Nigeria,Delta,Delta,2218,NGA010,Ika North East,Ika North East,22733,NGA010007,182,NGA
Nigeria,Delta,Delta,2218,NGA010,Ika South,Ika South,22734,NGA010008,182,NGA
Nigeria,Delta,Delta,2218,NGA010,Ndokwa East,Ndokwa East,22737,NGA010011,182,NGA
Nigeria,Delta,Delta,2218,NGA010,Sapele,Sapele,22741,NGA010017,182,NGA
Nigeria,Edo,Edo,2219,NGA012,Akoko-Edo,Akoko-Edo,22746,NGA012001,182,NGA
Nigeria,Edo,Edo,2219,NGA012,Esan North East,Esan North East,22748,NGA012004,182,NGA
Nigeria,Edo,Edo,2219,NGA012,Esan South East,Esan South East,22749,NGA012005,182,NGA
Nigeria,Edo,Edo,2219,NGA012,Esan West,Esan West,22750,NGA012006,182,NGA
Nigeria,Edo,Edo,2219,NGA012,Etsako East,Etsako East,22751,NGA012008,182,NGA
Nigeria,Enugu,Enugu,65703,NGA014,Ezeagu,Ezeagu,22761,NGA014006,182,NGA
Nigeria,Enugu,Enugu,65703,NGA014,Igbo-Etiti,Igbo-Etiti,22763,NGA014007,182,NGA
Nigeria,Ebonyi,Ebonyi,65701,NGA011,Ikwo,Ikwo,22765,NGA011007,182,NGA
Nigeria,Ebonyi,Ebonyi,65701,NGA011,Ishielu,Ishielu,22766,NGA011008,182,NGA
Nigeria,Ebonyi,Ebonyi,65701,NGA011,Izzi,Izzi,22768,NGA011010,182,NGA
Nigeria,Enugu,Enugu,65703,NGA014,Nsukka,Nsukka,22770,NGA014013,182,NGA
Nigeria,Ebonyi,Ebonyi,65701,NGA011,Ohaukwu,Ohaukwu,22771,NGA011012,182,NGA
Nigeria,Enugu,Enugu,65703,NGA014,Oji-River,Oji-River,22772,NGA014014,182,NGA
Nigeria,Enugu,Enugu,65703,NGA014,Udi,Udi,22773,NGA014016,182,NGA
Nigeria,Enugu,Enugu,65703,NGA014,Uzo-Uwani,Uzo-Uwani,22774,NGA014017,182,NGA
Nigeria,Abuja,Abuja,2221,NGA015,Abaji,Abaji,22775,NGA015001,182,NGA
Nigeria,Abuja,Abuja,2221,NGA015,Kuje,Kuje,22778,NGA015005,182,NGA
Nigeria,Imo,Imo,2222,NGA017,Aboh-Mbaise,Aboh-Mbaise,22779,NGA017001,182,NGA
Nigeria,Imo,Imo,2222,NGA017,Ahiazu-Mbaise,Ahiazu-Mbaise,22780,NGA017002,182,NGA
Nigeria,Imo,Imo,2222,NGA017,Ehime-Mbano,Ehime-Mbano,22781,NGA017003,182,NGA
Nigeria,Imo,Imo,2222,NGA017,Ezinihitte,Ezinihitte,22782,NGA017004,182,NGA
Nigeria,Imo,Imo,2222,NGA017,Ideato South,Ideato South,22783,NGA017006,182,NGA
Nigeria,Imo,Imo,2222,NGA017,Ideato North,Ideato North,22784,NGA017005,182,NGA
Nigeria,Imo,Imo,2222,NGA017,Ihitte/Uboma,Ihitte/Uboma,22785,NGA017007,182,NGA
Nigeria,Imo,Imo,2222,NGA017,Ikeduru,Ikeduru,22786,NGA017008,182,NGA
Nigeria,Imo,Imo,2222,NGA017,Isiala Mbano,Isiala Mbano,22787,NGA017009,182,NGA
Nigeria,Imo,Imo,2222,NGA017,Mbaitoli,Mbaitoli,22789,NGA017011,182,NGA
Nigeria,Imo,Imo,2222,NGA017,Ngor-Okpala,Ngor-Okpala,22790,NGA017012,182,NGA
Nigeria,Imo,Imo,2222,NGA017,Obowo,Obowo,22792,NGA017016,182,NGA
Nigeria,Imo,Imo,2222,NGA017,Oguta,Oguta,22793,NGA017017,182,NGA
Nigeria,Imo,Imo,2222,NGA017,Ohaji/Egbema,Ohaji/Egbema,22794,NGA017018,182,NGA
Nigeria,Imo,Imo,2222,NGA017,Orlu,Orlu,22796,NGA017020,182,NGA
Nigeria,Imo,Imo,2222,NGA017,Orsu,Orsu,22797,NGA017021,182,NGA
Nigeria,Jigawa,Jigawa,2223,NGA018,Babura,Babura,22800,NGA018002,182,NGA
Nigeria,Jigawa,Jigawa,2223,NGA018,Biriniwa,Biriniwa,22801,NGA018003,182,NGA
Nigeria,Jigawa,Jigawa,2223,NGA018,Dutse,Dutse,22803,NGA018006,182,NGA
Nigeria,Jigawa,Jigawa,2223,NGA018,Garki,Garki,22804,NGA018008,182,NGA
Nigeria,Jigawa,Jigawa,2223,NGA018,Gwaram,Gwaram,22806,NGA018011,182,NGA
Nigeria,Jigawa,Jigawa,2223,NGA018,Kafin Hausa,Kafin Hausa,22809,NGA018015,182,NGA
Nigeria,Jigawa,Jigawa,2223,NGA018,kiyawa,kiyawa,22812,NGA018019,182,NGA
Nigeria,Kaduna,Kaduna,2224,NGA019,Birnin-Gwari,Birnin-Gwari,22817,NGA019001,182,NGA
Nigeria,Kaduna,Kaduna,2224,NGA019,Kaduna North,Kaduna North,22819,NGA019009,182,NGA
Nigeria,Kaduna,Kaduna,2224,NGA019,Giwa,Giwa,22820,NGA019003,182,NGA
Nigeria,Kaduna,Kaduna,2224,NGA019,Igabi,Igabi,22821,NGA019004,182,NGA
Nigeria,Kaduna,Kaduna,2224,NGA019,Jaba,Jaba,22823,NGA019006,182,NGA
Nigeria,Kaduna,Kaduna,2224,NGA019,Kaura,Kaura,22826,NGA019013,182,NGA
Nigeria,Kaduna,Kaduna,2224,NGA019,Kauru,Kauru,22827,NGA019014,182,NGA
Nigeria,Kaduna,Kaduna,2224,NGA019,Lere,Lere,22828,NGA019017,182,NGA
Nigeria,Kaduna,Kaduna,2224,NGA019,Sabon-Gari,Sabon-Gari,22830,NGA019019,182,NGA
Nigeria,Kaduna,Kaduna,2224,NGA019,Soba,Soba,22831,NGA019021,182,NGA
Nigeria,Kaduna,Kaduna,2224,NGA019,Kaduna South,Kaduna South,22832,NGA019010,182,NGA
Nigeria,Kaduna,Kaduna,2224,NGA019,Zango-Kataf,Zango-Kataf,22833,NGA019022,182,NGA
Nigeria,Kaduna,Kaduna,2224,NGA019,Zaria,Zaria,22834,NGA019023,182,NGA
Nigeria,Kano,Kano,2225,NGA020,Bagwai,Bagwai,22836,NGA020003,182,NGA
Nigeria,Kano,Kano,2225,NGA020,Bichi,Bichi,22838,NGA020005,182,NGA
Nigeria,Kano,Kano,2225,NGA020,Bunkure,Bunkure,22839,NGA020006,182,NGA
Nigeria,Kano,Kano,2225,NGA020,Dawakin Tofa,Dawakin Tofa,22843,NGA020010,182,NGA
Nigeria,Kano,Kano,2225,NGA020,Gabasawa,Gabasawa,22844,NGA020013,182,NGA
Nigeria,Kano,Kano,2225,NGA020,Gezawa,Gezawa,22846,NGA020017,182,NGA
Nigeria,Kano,Kano,2225,NGA020,Gwarzo,Gwarzo,22847,NGA020019,182,NGA
Nigeria,Kano,Kano,2225,NGA020,Kumbotso,Kumbotso,22851,NGA020025,182,NGA
Nigeria,Kano,Kano,2225,NGA020,Minjibir,Minjibir,22853,NGA020030,182,NGA
Nigeria,Kano,Kano,2225,NGA020,Shanono,Shanono,22857,NGA020035,182,NGA
Nigeria,Kano,Kano,2225,NGA020,Sumaila,Sumaila,22858,NGA020036,182,NGA
Nigeria,Kano,Kano,2225,NGA020,Takali,Takali,22859,NGA020037,182,NGA
Nigeria,Kano,Kano,2225,NGA020,Ungogo,Ungogo,22862,NGA020042,182,NGA
Nigeria,Katsina,Katsina,2226,NGA021,Batsari,Batsari,22865,NGA021003,182,NGA
Nigeria,Katsina,Katsina,2226,NGA021,Bindawa,Bindawa,22866,NGA021005,182,NGA
Nigeria,Katsina,Katsina,2226,NGA021,Ingawa,Ingawa,22871,NGA021015,182,NGA
Nigeria,Katsina,Katsina,2226,NGA021,Jibia,Jibia,22872,NGA021016,182,NGA
Nigeria,Katsina,Katsina,2226,NGA021,Keita,Keita,22873,NGA021018,182,NGA
Nigeria,Katsina,Katsina,2226,NGA021,Kankara,Kankara,22874,NGA021019,182,NGA
Nigeria,Katsina,Katsina,2226,NGA021,Mani,Mani,22878,NGA021026,182,NGA
Nigeria,Kebbi,Kebbi,2227,NGA022,Arewa-Dandi,Arewa-Dandi,22884,NGA022002,182,NGA
Nigeria,Kebbi,Kebbi,2227,NGA022,Bagudo,Bagudo,22886,NGA022005,182,NGA
Nigeria,Kebbi,Kebbi,2227,NGA022,Birnin Kebbi,Birnin Kebbi,22887,NGA022006,182,NGA
Nigeria,Kebbi,Kebbi,2227,NGA022,Dandi,Dandi,22889,NGA022008,182,NGA
Nigeria,Kebbi,Kebbi,2227,NGA022,Gwandu,Gwandu,22890,NGA022010,182,NGA
Nigeria,Kebbi,Kebbi,2227,NGA022,Koko/Besse,Koko/Besse,22892,NGA022013,182,NGA
Nigeria,Kebbi,Kebbi,2227,NGA022,Ngaski,Ngaski,22894,NGA022015,182,NGA
Nigeria,Kebbi,Kebbi,2227,NGA022,Suru,Suru,22896,NGA022018,182,NGA
Nigeria,Kogi,Kogi,2228,NGA023,Adavi,Adavi,22899,NGA023001,182,NGA
Nigeria,Kogi,Kogi,2228,NGA023,Dekina,Dekina,22903,NGA023005,182,NGA
Nigeria,Kogi,Kogi,2228,NGA023,Ijumu,Ijumu,22904,NGA023009,182,NGA
Nigeria,Kogi,Kogi,2228,NGA023,Kabba/Bunu,Kabba/Bunu,22905,NGA023010,182,NGA
Nigeria,Kogi,Kogi,2228,NGA023,Kogi,Kogi,22906,NGA023011,182,NGA
Nigeria,Kogi,Kogi,2228,NGA023,Lokoja,Lokoja,22907,NGA023012,182,NGA
Nigeria,Kogi,Kogi,2228,NGA023,Ofu,Ofu,22908,NGA023014,182,NGA
Nigeria,Kogi,Kogi,2228,NGA023,Okehi,Okehi,22909,NGA023016,182,NGA
Nigeria,Kogi,Kogi,2228,NGA023,Olamabolo,Olamabolo,22911,NGA023018,182,NGA
Nigeria,Kwara,Kwara,2229,NGA024,Asa,Asa,22914,NGA024001,182,NGA
Nigeria,Kwara,Kwara,2229,NGA024,Baruten,Baruten,22915,NGA024002,182,NGA
Nigeria,Kwara,Kwara,2229,NGA024,Ifelodun,Ifelodun,22917,NGA024005,182,NGA
Nigeria,Kwara,Kwara,2229,NGA030,Ifelodun,Ifelodun,22917,NGA030016,182,NGA
Nigeria,Osun,Osun,2234,NGA030,Orolu,Orolu,22920,NGA030029,182,NGA
Nigeria,Kwara,Kwara,2229,NGA024,Kaiama,Kaiama,22921,NGA024011,182,NGA
Nigeria,Kwara,Kwara,2229,NGA024,Moro,Moro,22922,NGA024012,182,NGA
Nigeria,Kwara,Kwara,2229,NGA024,Offa,Offa,22923,NGA024013,182,NGA
Nigeria,Kwara,Kwara,2229,NGA024,Oyun,Oyun,22924,NGA024015,182,NGA
Nigeria,Lagos,Lagos,2230,NGA025,Badagry,Badagry,22926,NGA025006,182,NGA
Nigeria,Lagos,Lagos,2230,NGA025,Epe,Epe,22927,NGA025007,182,NGA
Nigeria,Lagos,Lagos,2230,NGA025,Eti-Osa,Eti-Osa,22928,NGA025008,182,NGA
Nigeria,Lagos,Lagos,2230,NGA025,Ibeju/Lekki,Ibeju/Lekki,22929,NGA025009,182,NGA
Nigeria,Lagos,Lagos,2230,NGA025,Ikorodu,Ikorodu,22931,NGA025012,182,NGA
Nigeria,Niger,Niger,2231,NGA027,Agaie,Agaie,22937,NGA027001,182,NGA
Nigeria,Niger,Niger,2231,NGA027,Agwara,Agwara,22938,NGA027002,182,NGA
Nigeria,Niger,Niger,2231,NGA027,Katcha,Katcha,22939,NGA027010,182,NGA
Nigeria,Niger,Niger,2231,NGA027,Borgu,Borgu,22940,NGA027004,182,NGA
Nigeria,Niger,Niger,2231,NGA027,Lapai,Lapai,22945,NGA027012,182,NGA
Nigeria,Niger,Niger,2231,NGA027,Magama,Magama,22947,NGA027014,182,NGA
Nigeria,Niger,Niger,2231,NGA027,Pailoro,Pailoro,22949,NGA027019,182,NGA
Nigeria,Niger,Niger,2231,NGA027,Rafi,Rafi,22950,NGA027020,182,NGA
Nigeria,Niger,Niger,2231,NGA027,Rijau,Rijau,22951,NGA027021,182,NGA
Nigeria,Ogun,Ogun,2232,NGA028,Ado-Odo/Ota,Ado-Odo/Ota,22956,NGA028003,182,NGA
Nigeria,Ogun,Ogun,2232,NGA028,Ijebu East,Ijebu East,22960,NGA028008,182,NGA
Nigeria,Ogun,Ogun,2232,NGA028,Ijebu North,Ijebu North,22961,NGA028009,182,NGA
Nigeria,Ogun,Ogun,2232,NGA028,Obafemi-Owode,Obafemi-Owode,22963,NGA028015,182,NGA
Nigeria,Ogun,Ogun,2232,NGA028,Odeda,Odeda,22964,NGA028016,182,NGA
Nigeria,Ogun,Ogun,2232,NGA028,Ogun waterside,Ogun waterside,22965,NGA028018,182,NGA
Nigeria,Ekiti,Ekiti,65702,NGA013,Ado Ekiti,Ado Ekiti,22967,NGA013001,182,NGA
Nigeria,Ondo,Ondo,65706,NGA029,Akoko North East,Akoko North East,22968,NGA029001,182,NGA
Nigeria,Ondo,Ondo,65706,NGA029,Akoko North West,Akoko North West,22969,NGA029002,182,NGA
Nigeria,Ekiti,Ekiti,65702,NGA013,Ekiti South West,Ekiti South West,22973,NGA013005,182,NGA
Nigeria,Ondo,Ondo,65706,NGA029,Idanre,Idanre,22976,NGA029008,182,NGA
Nigeria,Ekiti,Ekiti,65702,NGA013,Idosi-Osi,Idosi-Osi,22977,NGA013008,182,NGA
Nigeria,Ondo,Ondo,65706,NGA029,Ifedore,Ifedore,22978,NGA029009,182,NGA
Nigeria,Ekiti,Ekiti,65702,NGA013,Ijero,Ijero,22979,NGA013009,182,NGA
Nigeria,Ondo,Ondo,65706,NGA029,Okitipupa,Okitipupa,22980,NGA029014,182,NGA
Nigeria,Ekiti,Ekiti,65702,NGA013,Ikere,Ikere,22981,NGA013010,182,NGA
Nigeria,Ekiti,Ekiti,65702,NGA013,Ikole,Ikole,22982,NGA013011,182,NGA
Nigeria,Ondo,Ondo,65706,NGA029,Irele,Irele,22985,NGA029012,182,NGA
Nigeria,Ondo,Ondo,65706,NGA029,Odigbo,Odigbo,22987,NGA029013,182,NGA
Nigeria,Ekiti,Ekiti,65702,NGA013,Oye,Oye,22991,NGA013016,182,NGA
Nigeria,Osun,Osun,2234,NGA030,Aiyedade,Aiyedade,22993,NGA030001,182,NGA
Nigeria,Osun,Osun,2234,NGA030,Aiyedire,Aiyedire,22994,NGA030002,182,NGA
Nigeria,Osun,Osun,2234,NGA030,Boripe,Boripe,22995,NGA030006,182,NGA
Nigeria,Osun,Osun,2234,NGA030,Ejigbo,Ejigbo,22998,NGA030010,182,NGA
Nigeria,Osun,Osun,2234,NGA030,Ife North,Ife North,23001,NGA030013,182,NGA
Nigeria,Osun,Osun,2234,NGA030,Ife South,Ife South,23002,NGA030014,182,NGA
Nigeria,Osun,Osun,2234,NGA030,Iwo,Iwo,23006,NGA030023,182,NGA
Nigeria,Osun,Osun,2234,NGA030,Obokun,Obokun,23007,NGA030024,182,NGA
Nigeria,Osun,Osun,2234,NGA030,Odo-Otin,Odo-Otin,23008,NGA030025,182,NGA
Nigeria,Osun,Osun,2234,NGA030,Ola-oluwa,Ola-oluwa,23009,NGA030026,182,NGA
Nigeria,Osun,Osun,2234,NGA030,Olorunda,Olorunda,23010,NGA030027,182,NGA
Nigeria,Osun,Osun,2234,NGA030,Oriade,Oriade,23011,NGA030028,182,NGA
Nigeria,Osun,Osun,2234,NGA030,Osogbo,Osogbo,23012,NGA030030,182,NGA
Nigeria,Oyo,Oyo,2235,NGA031,Ibarapa East,Ibarapa East,23021,NGA031012,182,NGA
Nigeria,Oyo,Oyo,2235,NGA031,Orelope,Orelope,23033,NGA031027,182,NGA
Nigeria,Oyo,Oyo,2235,NGA031,Ori Ire,Ori Ire,23034,NGA031028,182,NGA
Nigeria,Oyo,Oyo,2235,NGA025,Surulere,Surulere,23036,NGA025020,182,NGA
Nigeria,Oyo,Oyo,2235,NGA031,Surulere,Surulere,23036,NGA031033,182,NGA
Nigeria,Plateau,Plateau,65707,NGA023,Bassa,Bassa,23040,NGA023004,182,NGA
Nigeria,Plateau,Plateau,65707,NGA032,Bassa,Bassa,23040,NGA032002,182,NGA
Nigeria,Nassarawa,Nassarawa,65705,NGA026,Doma,Doma,23041,NGA026003,182,NGA
Nigeria,Plateau,Plateau,65707,NGA032,Kanam,Kanam,23043,NGA032007,182,NGA
Nigeria,Plateau,Plateau,65707,NGA032,Langtang North,Langtang North,23046,NGA032009,182,NGA
Nigeria,Plateau,Plateau,65707,NGA032,Langtang South,Langtang South,23047,NGA032010,182,NGA
Nigeria,Nassarawa,Nassarawa,65705,NGA026,Nasarawa-Eggon,Nasarawa-Eggon,23049,NGA026010,182,NGA
Nigeria,Plateau,Plateau,65707,NGA032,Qua'an Pan,Qua'an Pan,23051,NGA032014,182,NGA
Nigeria,Plateau,Plateau,65707,NGA032,Wase,Wase,23053,NGA032017,182,NGA
Nigeria,Rivers,Rivers,65708,NGA033,Abua/Odual,Abua/Odual,23054,NGA033001,182,NGA
Nigeria,Rivers,Rivers,65708,NGA033,Asari-Toru,Asari-Toru,23058,NGA033006,182,NGA
Nigeria,Bayelsa,Bayelsa,65700,NGA006,Ekeremor,Ekeremor,23062,NGA006002,182,NGA
Nigeria,Rivers,Rivers,65708,NGA033,Gokana,Gokana,23065,NGA033012,182,NGA
Nigeria,Rivers,Rivers,65708,NGA033,Obia/Akpor,Obia/Akpor,23069,NGA033015,182,NGA
Nigeria,Rivers,Rivers,65708,NGA033,Ogba/Egbema/Ndoni,Ogba/Egbema/Ndoni,23070,NGA033016,182,NGA
Nigeria,Bayelsa,Bayelsa,65700,NGA006,Sagbama,Sagbama,23073,NGA006006,182,NGA
Nigeria,Bayelsa,Bayelsa,65700,NGA006,Southern Ijaw,Southern Ijaw,23074,NGA006007,182,NGA
Nigeria,Zamfara,Zamfara,65710,NGA037,Bakura,Bakura,23077,NGA037002,182,NGA
Nigeria,Sokoto,Sokoto,65709,NGA034,Binji,Binji,23078,NGA034001,182,NGA
Nigeria,Sokoto,Sokoto,65709,NGA034,Bodinga,Bodinga,23079,NGA034002,182,NGA
Nigeria,Zamfara,Zamfara,65710,NGA037,Bungudu,Bungudu,23080,NGA037005,182,NGA
Nigeria,Sokoto,Sokoto,65709,NGA034,Gada,Gada,23082,NGA034004,182,NGA
Nigeria,Sokoto,Sokoto,65709,NGA034,Goronyo,Goronyo,23083,NGA034006,182,NGA
Nigeria,Zamfara,Zamfara,65710,NGA003,Etinan,Etinan,23085,NGA003007,182,NGA
Nigeria,Zamfara,Zamfara,65710,NGA037,Etinan,Etinan,23085,NGA037007,182,NGA
Nigeria,Sokoto,Sokoto,65709,NGA034,Gawabawa,Gawabawa,23086,NGA034005,182,NGA
Nigeria,Sokoto,Sokoto,65709,NGA034,Illela,Illela,23087,NGA034008,182,NGA
Nigeria,Sokoto,Sokoto,65709,NGA034,Kware,Kware,23090,NGA034011,182,NGA
Nigeria,Zamfara,Zamfara,65710,NGA037,Maradun,Maradun,23091,NGA037009,182,NGA
Nigeria,Sokoto,Sokoto,65709,NGA034,Rabah,Rabah,23092,NGA034012,182,NGA
Nigeria,Sokoto,Sokoto,65709,NGA034,Sabon Birni,Sabon Birni,23093,NGA034013,182,NGA
Nigeria,Sokoto,Sokoto,65709,NGA034,Silame,Silame,23094,NGA034015,182,NGA
Nigeria,Zamfara,Zamfara,65710,NGA037,Talata Mafara,Talata Mafara,23096,NGA037012,182,NGA
Nigeria,Sokoto,Sokoto,65709,NGA034,Tambuwal,Tambuwal,23097,NGA034018,182,NGA
Nigeria,Zamfara,Zamfara,65710,NGA037,Tsafe,Tsafe,23099,NGA037013,182,NGA
Nigeria,Sokoto,Sokoto,65709,NGA034,Wamako,Wamako,23100,NGA034021,182,NGA
Nigeria,Sokoto,Sokoto,65709,NGA034,Wurno,Wurno,23101,NGA034022,182,NGA
Nigeria,Zamfara,Zamfara,65710,NGA037,Zurmi,Zurmi,23103,NGA037014,182,NGA
Nigeria,Taraba,Taraba,2239,NGA035,Donga,Donga,23105,NGA035003,182,NGA
Nigeria,Taraba,Taraba,2239,NGA035,Gashaka,Gashaka,23106,NGA035004,182,NGA
Nigeria,Taraba,Taraba,2239,NGA035,Ibi,Ibi,23107,NGA035006,182,NGA
Nigeria,Taraba,Taraba,2239,NGA035,Ardo-Kola,Ardo-Kola,23108,NGA035001,182,NGA
Nigeria,Taraba,Taraba,2239,NGA035,Karin-Lamido,Karin-Lamido,23109,NGA035008,182,NGA
Nigeria,Taraba,Taraba,2239,NGA035,Wukari,Wukari,23113,NGA035014,182,NGA
Nigeria,Taraba,Taraba,2239,NGA035,Zing,Zing,23115,NGA035016,182,NGA
Nigeria,Yobe,Yobe,2240,NGA036,Fika,Fika,23118,NGA036004,182,NGA
Nigeria,Yobe,Yobe,2240,NGA036,Fune,Fune,23119,NGA036005,182,NGA
Nigeria,Yobe,Yobe,2240,NGA036,Geidam,Geidam,23120,NGA036006,182,NGA
Nigeria,Yobe,Yobe,2240,NGA036,Yunusari,Yunusari,23124,NGA036016,182,NGA
Senegal,Dakar,Dakar,2636,SEN001,Rufisque,Rufisque,25321,SEN001004,217,SEN
Senegal,Diourbel,Diourbel,47585,SEN002,Bambey,Bambey,25322,SEN002001,217,SEN
Senegal,Diourbel,Diourbel,47585,SEN002,Diourbel,Diourbel,25323,SEN002002,217,SEN
Senegal,Fatick,Fatick,47586,SEN003,Fatick,Fatick,25325,SEN003001,217,SEN
Senegal,Fatick,Fatick,47586,SEN003,Foundiougne,Foundiougne,25326,SEN003002,217,SEN
Senegal,Kaolack,Kaolack,1373,SEN005,Kaolack,Kaolack,25329,SEN005002,217,SEN
Senegal,Kaolack,Kaolack,1373,SEN005,Nioro du Rip,Nioro du Rip,25330,SEN005003,217,SEN
Senegal,Kolda,Kolda,1375,SEN007,Velingara,Velingara,25333,SEN007003,217,SEN
Senegal,Louga,Louga,47587,SEN008,Kebemer,Kebemer,25334,SEN008001,217,SEN
Senegal,Louga,Louga,47587,SEN008,Louga,Louga,25336,SEN008003,217,SEN
Senegal,Thies,Thies,2644,SEN013,Mbour,Mbour,25343,SEN013001,217,SEN
Senegal,Thies,Thies,2644,SEN013,Thies,Thies,25344,SEN013002,217,SEN
Senegal,Thies,Thies,2644,SEN013,Tivaouane,Tivaouane,25345,SEN013003,217,SEN
Senegal,Ziguinchor,Ziguinchor,2645,SEN014,Bignona,Bignona,25346,SEN014001,217,SEN
Senegal,Ziguinchor,Ziguinchor,2645,SEN014,Oussouye,Oussouye,25347,SEN014002,217,SEN
Senegal,Ziguinchor,Ziguinchor,2645,SEN014,Ziguinchor,Ziguinchor,25348,SEN014003,217,SEN
Senegal,Conakry,Conakry,40701,SEN009,Matam,Matam,40714,SEN009002,217,SEN
Senegal,Matam,Matam,47588,SEN009,Kanel,Kanel,47593,SEN009001,217,SEN
Senegal,Louga,Louga,47587,SEN008,Linguere,Linguere,47594,SEN008002,217,SEN
Senegal,Diourbel,Diourbel,47585,SEN002,Mbacke,Mbacke,47596,SEN002003,217,SEN
Senegal,Saint louis,Saint louis,47589,SEN010,Podor,Podor,47598,SEN010002,217,SEN
Senegal,Matam,Matam,47588,SEN009,Ranerou,Ranerou,47599,SEN009003,217,SEN
Senegal,Saint louis,Saint louis,47589,SEN010,Saint Louis,Saint Louis,47600,SEN010003,217,SEN
Chad,Ouaddai,Ouaddai,12926,TCD014,Abdi,Abdi,65351,TCD014002,50,TCD
Chad,Hajer Lamis,Hajer Lamis,12910,TCD005,Haraze Al Biar,Haraze Al Biar,65354,TCD005003,50,TCD
Chad,Moyen Chari,Moyen Chari,12923,TCD013,Lac Iro,Lac Iro,65355,TCD013003,50,TCD
Chad,Salamat,Salamat,881,TCD015,Bahr Azoum,Bahr Azoum,65356,TCD015001,50,TCD
Chad,Kanem,Kanem,12915,TCD006,Wadi Bissam,Wadi Bissam,65357,TCD006003,50,TCD
Chad,Wardi Fira,Wardi Fira,870,TCD017,Biltine,Biltine,65360,TCD017001,50,TCD
Chad,Salamat,Salamat,881,TCD015,Aboudeia,Aboudeia,65361,TCD015002,50,TCD
Chad,Chari-Baguirmi,Chari-Baguirmi,12910,TCD003,Loug Chari,Loug Chari,65362,TCD003003,50,TCD
Chad,Tandjile,Tandjile,12930,TCD016,Tandjile Ouest,Tandjile Ouest,65363,TCD016002,50,TCD
Chad,Logone Occidental,Logone Occidental,876,TCD008,Lac Wey,Lac Wey,65364,TCD008001,50,TCD
Chad,Sila,Sila,12927,TCD021,Djourf Al Ahmar,Djourf Al Ahmar,65365,TCD021002,50,TCD
Chad,Wardi Fira,Wardi Fira,870,TCD017,Dar Tama,Dar Tama,65367,TCD017002,50,TCD
Chad,Moyen Chari,Moyen Chari,12923,TCD013,Bahr Koh,Bahr Koh,65368,TCD013001,50,TCD
Chad,Mandoul,Mandoul,12925,TCD010,Mandoul Occidental,Mandoul Occidental,65372,TCD010003,50,TCD
Chad,Logone Occidental,Logone Occidental,876,TCD008,Gueni,Gueni,65373,TCD008003,50,TCD
Chad,Ouaddai,Ouaddai,12926,TCD014,Assoungha,Assoungha,65374,TCD014003,50,TCD
Chad,Sila,Sila,12927,TCD021,Kimiti,Kimiti,65376,TCD021001,50,TCD
Chad,Chari-Baguirmi,Chari-Baguirmi,12910,TCD003,Baguirmi,Baguirmi,65377,TCD003001,50,TCD
Chad,Logone Occidental,Logone Occidental,876,TCD008,Ngourkosso,Ngourkosso,65378,TCD008004,50,TCD
Chad,Logone Oriental,Logone Oriental,12918,TCD009,La nya,La nya,65379,TCD009004,50,TCD
Chad,Mandoul,Mandoul,12925,TCD010,Barh Sara,Barh Sara,65382,TCD010002,50,TCD
Chad,Logone Oriental,Logone Oriental,12918,TCD009,Kouh Ouest,Kouh Ouest,65383,TCD009003,50,TCD
Chad,Mandoul,Mandoul,12925,TCD010,Mandoul Oriental,Mandoul Oriental,65384,TCD010001,50,TCD
Chad,Logone Occidental,Logone Occidental,876,TCD008,Dodje,Dodje,65387,TCD008002,50,TCD
Chad,Logone Oriental,Logone Oriental,12918,TCD009,La Nya Pende,La Nya Pende,65391,TCD009005,50,TCD
Chad,Tandjile,Tandjile,12930,TCD016,Tandjile Centre,Tandjile Centre,65396,TCD016003,50,TCD
Chad,Mayo-Kebbi est,Mayo-Kebbi est,12921,TCD011,La Kabbia,La Kabbia,65397,TCD011002,50,TCD
Chad,Logone Oriental,Logone Oriental,12918,TCD009,Kouh Est,Kouh Est,65403,TCD009002,50,TCD
Chad,Guera,Guera,873,TCD004,Guera,Guera,65404,TCD004001,50,TCD
Chad,Mayo-Kebbi Ouest,Mayo-Kebbi Ouest,12922,TCD012,Mayo-Binder,Mayo-Binder,65405,TCD012003,50,TCD
Chad,Mayo-Kebbi Ouest,Mayo-Kebbi Ouest,12922,TCD012,Lac Lere,Lac Lere,65406,TCD012002,50,TCD
Chad,Guera,Guera,873,TCD004,Abtouyour,Abtouyour,65410,TCD004002,50,TCD
Chad,Hajer Lamis,Hajer Lamis,12910,TCD005,Dababa,Dababa,65414,TCD005002,50,TCD
Chad,Lac,Lac,875,TCD007,Mamdi,Mamdi,65415,TCD007001,50,TCD
Chad,Lac,Lac,875,TCD007,Fouli,Fouli,65416,TCD007004,50,TCD
Chad,Borkou,Borkou,12907,TCD002,Borkou Yala,Borkou Yala,65417,TCD002002,50,TCD
Chad,Logone Oriental,Logone Oriental,12918,TCD009,Monts de Lam,Monts de Lam,65418,TCD009006,50,TCD
Chad,Borkou,Borkou,12907,TCD002,Borkou,Borkou,65419,TCD002001,50,TCD
Chad,Lac,Lac,875,TCD007,Kaya,Kaya,65420,TCD007003,50,TCD
Chad,Ouaddai,Ouaddai,12926,TCD014,Ouara,Ouara,65422,TCD014001,50,TCD
Chad,Guera,Guera,873,TCD004,Mangalme,Mangalme,65429,TCD004004,50,TCD
Chad,Guera,Guera,873,TCD004,Barh Signaka,Barh Signaka,65431,TCD004003,50,TCD
Chad,Tandjile,Tandjile,12930,TCD016,Tandjile Est,Tandjile Est,65434,TCD016001,50,TCD
Chad,Mayo-Kebbi Ouest,Mayo-Kebbi Ouest,12922,TCD012,Mayo Dallah,Mayo Dallah,65435,TCD012001,50,TCD
Chad,Batha,Batha,12904,TCD001,Batha Est,Batha Est,65442,TCD001002,50,TCD
Chad,Batha,Batha,12904,TCD001,Batha Ouest,Batha Ouest,65445,TCD001001,50,TCD
Chad,Logone Oriental,Logone Oriental,12918,TCD009,La Pende,La Pende,65452,TCD009001,50,TCD
Chad,Salamat,Salamat,881,TCD015,Haraze Mangueigne,Haraze Mangueigne,65459,TCD015003,50,TCD
Chad,Chari-Baguirmi,Chari-Baguirmi,12910,TCD003,Chari,Chari,65463,TCD003002,50,TCD
Chad,Ennedi Ouest,Ennedi Ouest,12908,TCD023,Fada,Fada,65464,TCD023001,50,TCD
Chad,Ennedi Ouest,Ennedi Ouest,12908,TCD023,Mourtcha,Mourtcha,65465,TCD023003,50,TCD
Chad,Ennedi Est,Ennedi Est,12906,TCD020,Am-Djarass,Am-Djarass,65466,TCD020001,50,TCD
Chad,Ennedi Est,Ennedi Est,12906,TCD020,Wadi Hawar,Wadi Hawar,65467,TCD020002,50,TCD
Chad,Mayo-Kebbi est,Mayo-Kebbi est,12921,TCD011,Mont Illi,Mont Illi,65468,TCD011004,50,TCD
Chad,Batha,Batha,12904,TCD001,Fittri,Fittri,65469,TCD001003,50,TCD
Chad,Wardi Fira,Wardi Fira,870,TCD017,Megri,Megri,65507,TCD017004,50,TCD
Chad,Mayo-Kebbi est,Mayo-Kebbi est,12921,TCD011,Mayo Boneye,Mayo Boneye,65519,TCD011001,50,TCD
Chad,Wardi Fira,Wardi Fira,870,TCD017,Iriba,Iriba,65521,TCD017003,50,TCD
Chad,Moyen Chari,Moyen Chari,12923,TCD013,Grande Sido,Grande Sido,65577,TCD013002,50,TCD
Chad,Hajer Lamis,Hajer Lamis,12910,TCD005,Dagana,Dagana,65579,TCD005001,50,TCD
Senegal,Hajer Lamis,Hajer Lamis,47589,SEN010,Dagana,Dagana,47590,SEN010001,217,SEN
Chad,Barh El Gazal,Barh El Gazal,12914,TCD019,Barh-El-Gazel Ouest,Barh-El-Gazel Ouest,65597,TCD019003,50,TCD
Chad,Mayo-Kebbi est,Mayo-Kebbi est,12921,TCD011,Mayo Lemye,Mayo Lemye,65601,TCD011003,50,TCD
Chad,Barh El Gazal,Barh El Gazal,12914,TCD019,Barh-El-Gazel Sud,Barh-El-Gazel Sud,65623,TCD019001,50,TCD
Chad,Ndjamena,Ndjamena,12912,TCD018,N'Djamena,N'Djamena,65629,TCD018001,50,TCD
Chad,Lac,Lac,875,TCD007,Wayi,Wayi,65636,TCD007002,50,TCD
Chad,Kanem,Kanem,12915,TCD006,Nord Kanem,Nord Kanem,65639,TCD006002,50,TCD
Chad,Barh El Gazal,Barh El Gazal,12914,TCD019,Barh-El-Gazel Nord,Barh-El-Gazel Nord,65657,TCD019002,50,TCD
Chad,Kanem,Kanem,12915,TCD006,Kanem,Kanem,65670,TCD006001,50,TCD
Chad,Tibesti,Tibesti,12909,TCD022,Tibesti Ouest,Tibesti Ouest,65682,TCD022002,50,TCD
Chad,Tibesti,Tibesti,12909,TCD022,Tibesti Est,Tibesti Est,65683,TCD022001,50,TCD
Mali,Bamako,Bamako,1926,MLI009,Bamako,Bamako,81878,MLI009001,155,MLI
Mauritania,Adrar,Adrar,2004,MRT001,Chinguity,Chinguity,123633,MRT001003,159,MRT
Mauritania,Adrar,Adrar,2004,MRT001,Ouadane,Ouadane,123634,MRT001004,159,MRT
Niger,Tillaberi,Tillaberi,NA,NER006,Bankillare,Bankillare,123640,NER006005,181,NER
Niger,Tillaberi,Tillaberi,NA,NER006,Tera,Tera,123641,NER006011,181,NER
Niger,Tillaberi,Tillaberi,NA,NER006,Ayerou,Ayerou,123642,NER006002,181,NER
Niger,Tillaberi,Tillaberi,NA,NER006,Filingué,Filingué,123643,NER006006,181,NER
Niger,Tillaberi,Tillaberi,NA,NER006,Abala,Abala,123644,NER006001,181,NER
Niger,Tillaberi,Tillaberi,NA,NER006,Bani Bangou,Bani Bangou,123645,NER006004,181,NER
Niger,Dosso,Dosso,NA,NER003,Boboye,Boboye,123646,NER003001,181,NER
Niger,Dosso,Dosso,NA,NER003,Dioudiou,Dioudiou,123647,NER003002,181,NER
Niger,Tillaberi,Tillaberi,NA,NER006,Say,Say,123648,NER006010,181,NER
Niger,Tahoua,Tahoua,NA,NER005,Malbaza,Malbaza,123649,NER005008,181,NER
Niger,Tahoua,Tahoua,NA,NER005,Illéla,Illéla,123650,NER005005,181,NER
Niger,Tahoua,Tahoua,NA,NER005,Abalak,Abalak,123651,NER005001,181,NER
Niger,Tahoua,Tahoua,NA,NER005,Tchintabara,Tchintabara,123652,NER005011,181,NER
Niger,Tahoua,Tahoua,NA,NER005,Tassara,Tassara,123653,NER005010,181,NER
Niger,Agadez,Agadez,NA,NER001,Tchighozerine,Tchighozerine,123654,NER001006,181,NER
Niger,Agadez,Agadez,NA,NER001,InGall,InGall,123655,NER001005,181,NER
Niger,Agadez,Agadez,NA,NER001,Arlit,Arlit,123656,NER001002,181,NER
Niger,Diffa,Diffa,NA,NER002,N'guigmi,N'guigmi,123657,NER002006,181,NER
Niger,Diffa,Diffa,NA,NER002,Bosso,Bosso,123658,NER002001,181,NER
Niger,Diffa,Diffa,NA,NER002,Maïne Soroa,Maïne Soroa,123659,NER002004,181,NER
Niger,Maradi,Maradi,NA,NER004,Bermo,Bermo,123660,NER004002,181,NER
Niger,Dosso,Dosso,NA,NER003,Doutchi,Doutchi,123661,NER003003,181,NER
Niger,Zinder,Zinder,NA,NER007,Takieta,Takieta,123662,NER007008,181,NER
Niger,Zinder,Zinder,NA,NER007,Mirriah,Mirriah,123663,NER007007,181,NER
Niger,Zinder,Zinder,NA,NER007,Goure,Goure,123664,NER007004,181,NER
Niger,Zinder,Zinder,NA,NER007,Dungass,Dungass,123665,NER007003,181,NER
Niger,Zinder,Zinder,NA,NER007,Tanout,Tanout,123666,NER007009,181,NER
Niger,Maradi,Maradi,NA,NER004,Gazaoua,Gazaoua,123667,NER004004,181,NER
Niger,Maradi,Maradi,NA,NER004,Ville de Maradi,Ville de Maradi,123668,NER004007,181,NER
Burkina Faso,Boucle Du Mouhoun,Boucle Du Mouhoun,40276,BFA046,Banwa,Banwa,154442,BFA046002,42,BFA
Burkina Faso,Boucle Du Mouhoun,Boucle Du Mouhoun,40276,BFA046,Kossi,Kossi,154443,BFA046003,42,BFA
Burkina Faso,Boucle Du Mouhoun,Boucle Du Mouhoun,40276,BFA046,Bale,Bale,154444,BFA046001,42,BFA
Burkina Faso,Boucle Du Mouhoun,Boucle Du Mouhoun,40276,BFA046,Mouhoun,Mouhoun,154445,BFA046004,42,BFA
Burkina Faso,Boucle Du Mouhoun,Boucle Du Mouhoun,40276,BFA046,Nayala,Nayala,154446,BFA046005,42,BFA
Burkina Faso,Boucle Du Mouhoun,Boucle Du Mouhoun,40276,BFA046,Sourou,Sourou,154447,BFA046006,42,BFA
Burkina Faso,Cascades,Cascades,40277,BFA047,Comoe,Comoe,154448,BFA047001,42,BFA
Burkina Faso,Cascades,Cascades,40277,BFA047,Leraba,Leraba,154449,BFA047002,42,BFA
Burkina Faso,Centre,Centre,40278,BFA013,Kadiogo,Kadiogo,154450,BFA013000,42,BFA
Burkina Faso,Centre-est,Centre-est,40279,BFA048,Boulgou,Boulgou,154451,BFA048001,42,BFA
Burkina Faso,Centre-est,Centre-est,40279,BFA048,Koulpelogo,Koulpelogo,154452,BFA048002,42,BFA
Burkina Faso,Centre-est,Centre-est,40279,BFA048,Kouritenga,Kouritenga,154453,BFA048003,42,BFA
Burkina Faso,Centre-nord,Centre-nord,40280,BFA049,Bam,Bam,154454,BFA049001,42,BFA
Burkina Faso,Centre-nord,Centre-nord,40280,BFA049,Namentenga,Namentenga,154455,BFA049002,42,BFA
Burkina Faso,Centre-nord,Centre-nord,40280,BFA049,Sanmatenga,Sanmatenga,154456,BFA049003,42,BFA
Burkina Faso,Centre-ouest,Centre-ouest,40281,BFA050,Boulkiemde,Boulkiemde,154457,BFA050001,42,BFA
Burkina Faso,Centre-ouest,Centre-ouest,40281,BFA050,Sanguie,Sanguie,154458,BFA050002,42,BFA
Burkina Faso,Centre-ouest,Centre-ouest,40281,BFA050,Sissili,Sissili,154459,BFA050003,42,BFA
Burkina Faso,Centre-ouest,Centre-ouest,40281,BFA050,Ziro,Ziro,154460,BFA050004,42,BFA
Burkina Faso,Centre-sud,Centre-sud,40282,BFA051,Bazega,Bazega,154461,BFA051001,42,BFA
Burkina Faso,Centre-sud,Centre-sud,40282,BFA051,Nahouri,Nahouri,154462,BFA051002,42,BFA
Burkina Faso,Centre-sud,Centre-sud,40282,BFA051,Zoundweogo,Zoundweogo,154463,BFA051003,42,BFA
Burkina Faso,Est,Est,40283,BFA052,Gnagna,Gnagna,154464,BFA052001,42,BFA
Burkina Faso,Est,Est,40283,BFA052,Gourma,Gourma,154465,BFA052002,42,BFA
Burkina Faso,Est,Est,40283,BFA052,Komonjdjari,Komonjdjari,154466,BFA052003,42,BFA
Burkina Faso,Est,Est,40283,BFA052,Kompienga,Kompienga,154467,BFA052004,42,BFA
Burkina Faso,Est,Est,40283,BFA052,Tapoa,Tapoa,154468,BFA052005,42,BFA
Burkina Faso,Hauts-bassins,Hauts-bassins,40284,BFA053,Houet,Houet,154469,BFA053001,42,BFA
Burkina Faso,Hauts-bassins,Hauts-bassins,40284,BFA053,Kenedougou,Kenedougou,154470,BFA053002,42,BFA
Burkina Faso,Hauts-bassins,Hauts-bassins,40284,BFA053,Tuy,Tuy,154471,BFA053003,42,BFA
Burkina Faso,Nord,Nord,40285,BFA054,Loroum,Loroum,154472,BFA054001,42,BFA
Burkina Faso,Nord,Nord,40285,BFA054,Passore,Passore,154473,BFA054002,42,BFA
Burkina Faso,Nord,Nord,40285,BFA054,Yatenga,Yatenga,154474,BFA054003,42,BFA
Burkina Faso,Nord,Nord,40285,BFA054,Zondoma,Zondoma,154475,BFA054004,42,BFA
Burkina Faso,Plateau Central,Plateau Central,40286,BFA055,Ganzourgou,Ganzourgou,154476,BFA055001,42,BFA
Burkina Faso,Plateau Central,Plateau Central,40286,BFA055,Kourweogo,Kourweogo,154477,BFA055002,42,BFA
Burkina Faso,Plateau Central,Plateau Central,40286,BFA055,Oubritenga,Oubritenga,154478,BFA055003,42,BFA
Burkina Faso,Sahel,Sahel,40287,BFA056,Oudalan,Oudalan,154479,BFA056001,42,BFA
Burkina Faso,Sahel,Sahel,40287,BFA056,Seno,Seno,154480,BFA056002,42,BFA
Burkina Faso,Sahel,Sahel,40287,BFA056,Soum,Soum,154481,BFA056003,42,BFA
Burkina Faso,Sahel,Sahel,40287,BFA056,Yagha,Yagha,154482,BFA056004,42,BFA
Burkina Faso,Sud-ouest,Sud-ouest,40288,BFA057,Bougouriba,Bougouriba,154483,BFA057001,42,BFA
Burkina Faso,Sud-ouest,Sud-ouest,40288,BFA057,Ioba,Ioba,154484,BFA057002,42,BFA
Burkina Faso,Sud-ouest,Sud-ouest,40288,BFA057,Noumbiel,Noumbiel,154485,BFA057003,42,BFA
Burkina Faso,Sud-ouest,Sud-ouest,40288,BFA057,Poni,Poni,154486,BFA057004,42,BFA
Nigeria,Sokoto,Sokoto,65709,NGA034,Tangaza,Tangaza,190949,NGA034019,182,NGA
Nigeria,Borno,Borno,2216,NGA008,Abadam,Abadam,190950,NGA008001,182,NGA
Nigeria,Yobe,Yobe,2240,NGA036,Yusufari,Yusufari,190952,NGA036017,182,NGA
Nigeria,Katsina,Katsina,2226,NGA021,Mashi,Mashi,190953,NGA021027,182,NGA
Nigeria,Borno,Borno,2216,NGA008,Kukawa,Kukawa,190954,NGA008017,182,NGA
Nigeria,Katsina,Katsina,2226,NGA021,Mai'Adua,Mai'Adua,190955,NGA021024,182,NGA
Nigeria,Yobe,Yobe,2240,NGA036,Machina,Machina,190956,NGA036011,182,NGA
Nigeria,Zamfara,Zamfara,65710,NGA037,Shinkafi,Shinkafi,190957,NGA037011,182,NGA
Nigeria,Borno,Borno,2216,NGA008,Guzamala,Guzamala,190958,NGA008010,182,NGA
Nigeria,Kebbi,Kebbi,2227,NGA022,Augie,Augie,190959,NGA022004,182,NGA
Nigeria,Yobe,Yobe,2240,NGA036,Nguru,Nguru,190960,NGA036013,182,NGA
Nigeria,Yobe,Yobe,2240,NGA036,Karasuwa,Karasuwa,190961,NGA036010,182,NGA
Nigeria,Sokoto,Sokoto,65709,NGA034,Sokoto North,Sokoto North,190962,NGA034016,182,NGA
Nigeria,Katsina,Katsina,2226,NGA021,Daura,Daura,190963,NGA021010,182,NGA
Nigeria,Katsina,Katsina,2226,NGA021,Zango,Zango,190964,NGA021034,182,NGA
Nigeria,Katsina,Katsina,2226,NGA021,Katsina,Katsina,190965,NGA021021,182,NGA
Nigeria,Sokoto,Sokoto,65709,NGA034,Sokoto South,Sokoto South,190966,NGA034017,182,NGA
Nigeria,Katsina,Katsina,2226,NGA021,Rimi,Rimi,190967,NGA021030,182,NGA
Nigeria,Katsina,Katsina,2226,NGA021,Batagarawa,Batagarawa,190968,NGA021002,182,NGA
Nigeria,Borno,Borno,2216,NGA008,Gubio,Gubio,190969,NGA008009,182,NGA
Nigeria,Katsina,Katsina,2226,NGA021,Dutsi,Dutsi,190970,NGA021011,182,NGA
Nigeria,Sokoto,Sokoto,65709,NGA034,Dange-Shnsi,Dange-Shnsi,190971,NGA034003,182,NGA
Nigeria,Katsina,Katsina,2226,NGA021,Sandamu,Sandamu,190972,NGA021033,182,NGA
Nigeria,Yobe,Yobe,2240,NGA036,Bursari,Bursari,190973,NGA036002,182,NGA
Nigeria,Sokoto,Sokoto,65709,NGA034,Yabo,Yabo,190974,NGA034023,182,NGA
Nigeria,Katsina,Katsina,2226,NGA021,Baure,Baure,190975,NGA021004,182,NGA
Nigeria,Borno,Borno,2216,NGA008,Nganzai,Nganzai,190976,NGA008026,182,NGA
Nigeria,Katsina,Katsina,2226,NGA021,Kurfi,Kurfi,190977,NGA021022,182,NGA
Nigeria,Jigawa,Jigawa,2223,NGA018,Gwiwa,Gwiwa,190978,NGA018012,182,NGA
Nigeria,Jigawa,Jigawa,2223,NGA018,Yankwashi,Yankwashi,190979,NGA018027,182,NGA
Nigeria,Jigawa,Jigawa,2223,NGA018,Guri,Guri,190980,NGA018010,182,NGA
Nigeria,Jigawa,Jigawa,2223,NGA018,Kaugama,Kaugama,190981,NGA018016,182,NGA
Nigeria,Jigawa,Jigawa,2223,NGA018,Kaugama,Kaugama,190981,NGA018016,182,NGA
Nigeria,Yobe,Yobe,2240,NGA036,Jakusko,Jakusko,190982,NGA036009,182,NGA
Nigeria,Kebbi,Kebbi,2227,NGA022,Argungu,Argungu,190983,NGA022003,182,NGA
Nigeria,Sokoto,Sokoto,65709,NGA034,Shagari,Shagari,190984,NGA034014,182,NGA
Nigeria,Jigawa,Jigawa,2223,NGA018,Kiri Kasamma,Kiri Kasamma,190985,NGA018018,182,NGA
Nigeria,Katsina,Katsina,2226,NGA021,Charanchi,Charanchi,190986,NGA021006,182,NGA
Nigeria,Borno,Borno,2216,NGA008,Monguno,Monguno,190987,NGA008024,182,NGA
Nigeria,Jigawa,Jigawa,2223,NGA018,Kazaure,Kazaure,190988,NGA018017,182,NGA
Nigeria,Sokoto,Sokoto,65709,NGA034,Tureta,Tureta,190989,NGA034020,182,NGA
Nigeria,Zamfara,Zamfara,65710,NGA037,Kaura-Namoda,Kaura-Namoda,190990,NGA037008,182,NGA
Nigeria,Jigawa,Jigawa,2223,NGA018,Gumel,Gumel,190991,NGA018009,182,NGA
Nigeria,Jigawa,Jigawa,2223,NGA018,Roni,Roni,190992,NGA018024,182,NGA
Nigeria,Katsina,Katsina,2226,NGA021,Safana,Safana,190993,NGA021032,182,NGA
Nigeria,Zamfara,Zamfara,65710,NGA037,Birnin Magaji,Birnin Magaji,190994,NGA037003,182,NGA
Nigeria,Katsina,Katsina,2226,NGA021,Kankia,Kankia,190995,NGA021020,182,NGA
Nigeria,Jigawa,Jigawa,2223,NGA018,Gagarawa,Gagarawa,190996,NGA018007,182,NGA
Nigeria,Katsina,Katsina,2226,NGA021,Dutsin-Ma,Dutsin-Ma,190997,NGA021012,182,NGA
Nigeria,Borno,Borno,2216,NGA008,Magumeri,Magumeri,190998,NGA008020,182,NGA
Nigeria,Kano,Kano,2225,NGA020,Dambatta,Dambatta,190999,NGA020008,182,NGA
Nigeria,Kano,Kano,2225,NGA020,Makoda,Makoda,191000,NGA020029,182,NGA
Nigeria,Katsina,Katsina,2226,NGA021,Kusada,Kusada,191001,NGA021023,182,NGA
Nigeria,Kano,Kano,2225,NGA020,Kunchi,Kunchi,191002,NGA020026,182,NGA
Nigeria,Yobe,Yobe,2240,NGA036,Tarmua,Tarmua,191003,NGA036015,182,NGA
Nigeria,Jigawa,Jigawa,2223,NGA018,Hadejia,Hadejia,191004,NGA018013,182,NGA
Nigeria,Kebbi,Kebbi,2227,NGA022,Kalgo,Kalgo,191005,NGA022012,182,NGA
Nigeria,Kebbi,Kebbi,2227,NGA022,Kalgo,Kalgo,191005,NGA022012,182,NGA
Nigeria,Borno,Borno,2216,NGA008,Ngala,Ngala,191006,NGA008025,182,NGA
Nigeria,Jigawa,Jigawa,2223,NGA018,Auyo,Auyo,191007,NGA018001,182,NGA
Nigeria,Kano,Kano,2225,NGA020,Tsanyawa,Tsanyawa,191008,NGA020040,182,NGA
Nigeria,Kebbi,Kebbi,2227,NGA022,Aleiro,Aleiro,191009,NGA022001,182,NGA
Nigeria,Borno,Borno,2216,NGA008,Kala/Balge,Kala/Balge,191010,NGA008015,182,NGA
Nigeria,Katsina,Katsina,2226,NGA021,Matazuu,Matazuu,191011,NGA021028,182,NGA
Nigeria,Jigawa,Jigawa,2223,NGA018,Taura,Taura,191012,NGA018026,182,NGA
Nigeria,Zamfara,Zamfara,65710,NGA037,Anka,Anka,191013,NGA037001,182,NGA
Nigeria,Borno,Borno,2216,NGA008,Mafa,Mafa,191014,NGA008019,182,NGA
Nigeria,Katsina,Katsina,2226,NGA021,Dan Musa,Dan Musa,191015,NGA021007,182,NGA
Nigeria,Zamfara,Zamfara,65710,NGA037,Bukkuyum,Bukkuyum,191016,NGA037004,182,NGA
Nigeria,Jigawa,Jigawa,2223,NGA018,Miga,Miga,191017,NGA018022,182,NGA
Nigeria,Jigawa,Jigawa,2223,NGA018,Ringim,Ringim,191018,NGA018023,182,NGA
Nigeria,Zamfara,Zamfara,65710,NGA037,Gummi,Gummi,191019,NGA037006,182,NGA
Nigeria,Katsina,Katsina,2226,NGA021,Musawa,Musawa,191020,NGA021029,182,NGA
Nigeria,Kebbi,Kebbi,2227,NGA022,Jega,Jega,191021,NGA022011,182,NGA
Nigeria,Kebbi,Kebbi,2227,NGA022,Bunza,Bunza,191022,NGA022007,182,NGA
Nigeria,Sokoto,Sokoto,65709,NGA034,Kebbe,Kebbe,191023,NGA034010,182,NGA
Nigeria,Borno,Borno,2216,NGA008,Konduga,Konduga,191024,NGA008016,182,NGA
Nigeria,Jigawa,Jigawa,2223,NGA018,Jahun,Jahun,191025,NGA018014,182,NGA
Nigeria,Borno,Borno,2216,NGA008,Jere,Jere,191026,NGA008013,182,NGA
Nigeria,Kano,Kano,2225,NGA020,Tofa,Tofa,191027,NGA020039,182,NGA
Nigeria,Yobe,Yobe,2240,NGA036,Nangere,Nangere,191028,NGA036012,182,NGA
Nigeria,Kano,Kano,2225,NGA020,Ajingi,Ajingi,191029,NGA020001,182,NGA
Nigeria,Kano,Kano,2225,NGA020,Dala,Dala,191031,NGA020007,182,NGA
Nigeria,Yobe,Yobe,2240,NGA036,Damaturu,Damaturu,191032,NGA036003,182,NGA
Nigeria,Kano,Kano,2225,NGA020,Fagge,Fagge,191033,NGA020012,182,NGA
Nigeria,Kano,Kano,2225,NGA020,Rimin Gado,Rimin Gado,191034,NGA020033,182,NGA
Nigeria,Kano,Kano,2225,NGA020,Gwale,Gwale,191035,NGA020018,182,NGA
Nigeria,Kano,Kano,2225,NGA020,Tarauni,Tarauni,191036,NGA020038,182,NGA
Nigeria,Katsina,Katsina,2226,NGA021,Malumfashi,Malumfashi,191037,NGA021025,182,NGA
Nigeria,Kano,Kano,2225,NGA020,Warawa,Warawa,191038,NGA020043,182,NGA
Nigeria,Kano,Kano,2225,NGA020,Kano Municipal,Kano Municipal,191039,NGA020021,182,NGA
Nigeria,Borno,Borno,2216,NGA008,Maiduguri,Maiduguri,191040,NGA008021,182,NGA
Nigeria,Borno,Borno,2216,NGA008,Kaga,Kaga,191041,NGA008014,182,NGA
Nigeria,Kano,Kano,2225,NGA020,Madobi,Madobi,191042,NGA020028,182,NGA
Nigeria,Kano,Kano,2225,NGA020,Dawakin Kudu,Dawakin Kudu,191043,NGA020009,182,NGA
Nigeria,Kano,Kano,2225,NGA020,Wudil,Wudil,191044,NGA020044,182,NGA
Nigeria,Katsina,Katsina,2226,NGA021,Faskari,Faskari,191045,NGA021013,182,NGA
Nigeria,Kano,Kano,2225,NGA020,Gaya,Gaya,191046,NGA020016,182,NGA
Nigeria,Kano,Kano,2225,NGA020,Karaye,Karaye,191047,NGA020022,182,NGA
Nigeria,Katsina,Katsina,2226,NGA021,Kafur,Kafur,191048,NGA021017,182,NGA
Nigeria,Kano,Kano,2225,NGA020,Kura,Kura,191049,NGA020027,182,NGA
Nigeria,Yobe,Yobe,2240,NGA036,Potiskum,Potiskum,191050,NGA036014,182,NGA
Nigeria,Bauchi,Bauchi,65699,NGA005,Katagum,Katagum,191051,NGA005012,182,NGA
Nigeria,Kano,Kano,2225,NGA020,Kiru,Kiru,191052,NGA020024,182,NGA
Nigeria,Katsina,Katsina,2226,NGA021,Bakori,Bakori,191053,NGA021001,182,NGA
Nigeria,Bauchi,Bauchi,65699,NGA005,Damban,Damban,191054,NGA005004,182,NGA
Nigeria,Kano,Kano,2225,NGA020,Garum Mallam,Garum Mallam,191055,NGA020015,182,NGA
Nigeria,Jigawa,Jigawa,2223,NGA018,Buji,Buji,191056,NGA018005,182,NGA
Nigeria,Kebbi,Kebbi,2227,NGA022,Zuru,Zuru,191057,NGA022021,182,NGA
Nigeria,Kano,Kano,2225,NGA020,Bebeji,Bebeji,191058,NGA020004,182,NGA
Nigeria,Kano,Kano,2225,NGA020,Albasu,Albasu,191059,NGA020002,182,NGA
Nigeria,Jigawa,Jigawa,2223,NGA018,Birni Kudu,Birni Kudu,191060,NGA018004,182,NGA
Nigeria,Kano,Kano,2225,NGA020,Garko,Garko,191061,NGA020014,182,NGA
Nigeria,Kebbi,Kebbi,2227,NGA022,Fakai,Fakai,191062,NGA022009,182,NGA
Nigeria,Yobe,Yobe,2240,NGA036,Gujba,Gujba,191063,NGA036007,182,NGA
Nigeria,Kano,Kano,2225,NGA020,Rogo,Rogo,191064,NGA020034,182,NGA
Nigeria,Kano,Kano,2225,NGA020,Kibiya,Kibiya,191065,NGA020023,182,NGA
Nigeria,Kano,Kano,2225,NGA020,Rano,Rano,191066,NGA020032,182,NGA
Nigeria,Bauchi,Bauchi,65699,NGA005,Shira,Shira,191067,NGA005016,182,NGA
Nigeria,Bauchi,Bauchi,65699,NGA005,Giade,Giade,191068,NGA005009,182,NGA
Nigeria,Katsina,Katsina,2226,NGA021,Funtua,Funtua,191069,NGA021014,182,NGA
Nigeria,Bauchi,Bauchi,65699,NGA005,Misau,Misau,191070,NGA005014,182,NGA
Nigeria,Katsina,Katsina,2226,NGA021,Dandume,Dandume,191071,NGA021008,182,NGA
Nigeria,Kebbi,Kebbi,2227,NGA022,Shanga,Shanga,191072,NGA022017,182,NGA
Nigeria,Borno,Borno,2216,NGA008,Damboa,Damboa,191073,NGA008007,182,NGA
Nigeria,Katsina,Katsina,2226,NGA021,Danja,Danja,191074,NGA021009,182,NGA
Nigeria,Kaduna,Kaduna,2224,NGA019,Ikara,Ikara,191075,NGA019005,182,NGA
Nigeria,Katsina,Katsina,2226,NGA021,Sabuwa,Sabuwa,191076,NGA021031,182,NGA
Nigeria,Kaduna,Kaduna,2224,NGA019,Markafi,Markafi,191077,NGA019018,182,NGA
Nigeria,Kano,Kano,2225,NGA020,Tudun Wada,Tudun Wada,191078,NGA020041,182,NGA
Nigeria,Kebbi,Kebbi,2227,NGA022,Sakaba,Sakaba,191079,NGA022016,182,NGA
Nigeria,Kaduna,Kaduna,2224,NGA019,Kudan,Kudan,191080,NGA019016,182,NGA
Nigeria,Bauchi,Bauchi,65699,NGA005,Ningi,Ningi,191081,NGA005015,182,NGA
Nigeria,Gombe,Gombe,65704,NGA016,Nafada,Nafada,191082,NGA016009,182,NGA
Nigeria,Bauchi,Bauchi,65699,NGA005,Warji,Warji,191083,NGA005019,182,NGA
Nigeria,Kano,Kano,2225,NGA020,Doguwa,Doguwa,191084,NGA020011,182,NGA
Nigeria,Yobe,Yobe,2240,NGA036,Gulani,Gulani,191085,NGA036008,182,NGA
Nigeria,Kebbi,Kebbi,2227,NGA022,Yauri,Yauri,191086,NGA022020,182,NGA
Nigeria,Kaduna,Kaduna,2224,NGA019,Kubau,Kubau,191087,NGA019015,182,NGA
Nigeria,Niger,Niger,2231,NGA027,Mariga,Mariga,191088,NGA027015,182,NGA
Nigeria,Borno,Borno,2216,NGA008,Biu,Biu,191089,NGA008005,182,NGA
Nigeria,Gombe,Gombe,65704,NGA016,Funakaye,Funakaye,191090,NGA016005,182,NGA
Nigeria,Borno,Borno,2216,NGA008,Chibok,Chibok,191091,NGA008006,182,NGA
Nigeria,Kaduna,Kaduna,2224,NGA019,Chikun,Chikun,191092,NGA019002,182,NGA
Nigeria,Borno,Borno,2216,NGA008,Bayo,Bayo,191093,NGA008004,182,NGA
Nigeria,Gombe,Gombe,65704,NGA016,Kwami,Kwami,191094,NGA016008,182,NGA
Nigeria,Niger,Niger,2231,NGA027,Kontagora,Kontagora,191095,NGA027011,182,NGA
Nigeria,Bauchi,Bauchi,65699,NGA005,Kirfi,Kirfi,191096,NGA005013,182,NGA
Nigeria,Borno,Borno,2216,NGA008,Hawul,Hawul,191097,NGA008012,182,NGA
Nigeria,Niger,Niger,2231,NGA027,Shiroro,Shiroro,191098,NGA027022,182,NGA
Nigeria,Borno,Borno,2216,NGA008,Kwaya Kusar,Kwaya Kusar,191099,NGA008018,182,NGA
Nigeria,Kaduna,Kaduna,2224,NGA019,Kajuru,Kajuru,191100,NGA019012,182,NGA
Nigeria,Adamawa,Adamawa,2211,NGA002,Mubi North,Mubi North,191101,NGA002014,182,NGA
Nigeria,Borno,Borno,2216,NGA008,Shani,Shani,191102,NGA008027,182,NGA
Nigeria,Gombe,Gombe,65704,NGA016,Gombe,Gombe,191103,NGA016006,182,NGA
Nigeria,Bauchi,Bauchi,65699,NGA005,Alkaleri,Alkaleri,191104,NGA005001,182,NGA
Nigeria,Niger,Niger,2231,NGA027,Mashegu,Mashegu,191105,NGA027016,182,NGA
Nigeria,Adamawa,Adamawa,2211,NGA002,Mubi South,Mubi South,191106,NGA002015,182,NGA
Nigeria,Bauchi,Bauchi,65699,NGA005,Tafawa-Balewa,Tafawa-Balewa,191107,NGA005017,182,NGA
Nigeria,Kaduna,Kaduna,2224,NGA019,Kachia,Kachia,191108,NGA019008,182,NGA
Nigeria,Niger,Niger,2231,NGA027,Muya,Muya,191109,NGA027018,182,NGA
Nigeria,Gombe,Gombe,65704,NGA016,Kaltungo,Kaltungo,191110,NGA016007,182,NGA
Nigeria,Adamawa,Adamawa,2211,NGA002,Song,Song,191111,NGA002018,182,NGA
Nigeria,Plateau,Plateau,65707,NGA032,Jos North,Jos North,191112,NGA032005,182,NGA
Nigeria,Plateau,Plateau,65707,NGA032,Jos East,Jos East,191113,NGA032004,182,NGA
Nigeria,Niger,Niger,2231,NGA027,Wushishi,Wushishi,191114,NGA027025,182,NGA
Nigeria,Gombe,Gombe,65704,NGA016,Shomgom,Shomgom,191115,NGA016010,182,NGA
Nigeria,Plateau,Plateau,65707,NGA032,Jos South,Jos South,191116,NGA032006,182,NGA
Nigeria,Plateau,Plateau,65707,NGA032,Barikin Ladi,Barikin Ladi,191117,NGA032001,182,NGA
Nigeria,Niger,Niger,2231,NGA027,Bosso,Bosso,191118,NGA027005,182,NGA
Nigeria,Plateau,Plateau,65707,NGA032,Mangu,Mangu,191119,NGA032011,182,NGA
Nigeria,Bauchi,Bauchi,65699,NGA005,Bogoro,Bogoro,191120,NGA005003,182,NGA
Nigeria,Adamawa,Adamawa,2211,NGA002,Lamurde,Lamurde,191121,NGA002009,182,NGA
Nigeria,Plateau,Plateau,65707,NGA032,Riyom,Riyom,191122,NGA032015,182,NGA
Nigeria,Adamawa,Adamawa,2211,NGA002,Demsa,Demsa,191123,NGA002001,182,NGA
Nigeria,Niger,Niger,2231,NGA027,Chanchaga,Chanchaga,191124,NGA027006,182,NGA
Nigeria,Adamawa,Adamawa,2211,NGA002,Numan,Numan,191125,NGA002016,182,NGA
Nigeria,Adamawa,Adamawa,2211,NGA002,Gombi,Gombi,191126,NGA002005,182,NGA
Nigeria,Niger,Niger,2231,NGA027,Mokwa,Mokwa,191127,NGA027017,182,NGA
Nigeria,Plateau,Plateau,65707,NGA032,Pankshin,Pankshin,191128,NGA032013,182,NGA
Nigeria,Niger,Niger,2231,NGA027,Gbako,Gbako,191129,NGA027008,182,NGA
Nigeria,Kaduna,Kaduna,2224,NGA019,Jema'a,Jema'a,191130,NGA019007,182,NGA
Nigeria,Plateau,Plateau,65707,NGA032,Kanke,Kanke,191131,NGA032008,182,NGA
Nigeria,Niger,Niger,2231,NGA027,Gurara,Gurara,191132,NGA027009,182,NGA
Nigeria,Kaduna,Kaduna,2224,NGA019,Sanga,Sanga,191133,NGA019020,182,NGA
Nigeria,Plateau,Plateau,65707,NGA032,Bokkos,Bokkos,191134,NGA032003,182,NGA
Nigeria,Taraba,Taraba,2239,NGA035,Lau,Lau,191135,NGA035010,182,NGA
Nigeria,Nassarawa,Nassarawa,65705,NGA026,Karu,Karu,191136,NGA026004,182,NGA
Nigeria,Abuja,Abuja,2221,NGA015,Bwari,Bwari,191137,NGA015003,182,NGA
Nigeria,Niger,Niger,2231,NGA027,Tafa,Tafa,191138,NGA027024,182,NGA
Nigeria,Adamawa,Adamawa,2211,NGA002,Yola North,Yola North,191139,NGA002020,182,NGA
Nigeria,Niger,Niger,2231,NGA027,Suleja,Suleja,191140,NGA027023,182,NGA
Nigeria,Adamawa,Adamawa,2211,NGA002,Yola South,Yola South,191141,NGA002021,182,NGA
Nigeria,Abuja,Abuja,2221,NGA015,Gwagwalada,Gwagwalada,191142,NGA015004,182,NGA
Nigeria,Nassarawa,Nassarawa,65705,NGA026,Wamba,Wamba,191143,NGA026013,182,NGA
Nigeria,Oyo,Oyo,2235,NGA031,Irepo,Irepo,191144,NGA031015,182,NGA
Nigeria,Nassarawa,Nassarawa,65705,NGA026,Kokona,Kokona,191145,NGA026007,182,NGA
Nigeria,Nassarawa,Nassarawa,65705,NGA026,Akwanga,Akwanga,191146,NGA026001,182,NGA
Nigeria,Abuja,Abuja,2221,NGA015,Abuja Municipal,Abuja Municipal,191147,NGA015002,182,NGA
Nigeria,Plateau,Plateau,65707,NGA032,Mikang,Mikang,191148,NGA032012,182,NGA
Nigeria,Taraba,Taraba,2239,NGA035,Yorro,Yorro,191149,NGA035015,182,NGA
Nigeria,Niger,Niger,2231,NGA027,Bida,Bida,191150,NGA027003,182,NGA
Nigeria,Plateau,Plateau,65707,NGA032,Shendam,Shendam,191151,NGA032016,182,NGA
Nigeria,Nassarawa,Nassarawa,65705,NGA026,Lafia,Lafia,191152,NGA026008,182,NGA
Nigeria,Taraba,Taraba,2239,NGA035,Jalingo,Jalingo,191153,NGA035007,182,NGA
Nigeria,Oyo,Oyo,2235,NGA031,Olorunsogo,Olorunsogo,191154,NGA031024,182,NGA
Nigeria,Oyo,Oyo,2235,NGA031,Saki East,Saki East,191155,NGA031031,182,NGA
Nigeria,Abuja,Abuja,2221,NGA015,Kwali,Kwali,191156,NGA015006,182,NGA
Nigeria,Kwara,Kwara,2229,NGA024,Pategi,Pategi,191157,NGA024016,182,NGA
Nigeria,Nassarawa,Nassarawa,65705,NGA026,Keffi,Keffi,191158,NGA026006,182,NGA
Nigeria,Oyo,Oyo,2235,NGA031,Saki West,Saki West,191159,NGA031032,182,NGA
Nigeria,Taraba,Taraba,2239,NGA035,Gassol,Gassol,191160,NGA035005,182,NGA
Nigeria,Nassarawa,Nassarawa,65705,NGA020,Nasarawa,Nasarawa,191161,NGA020031,182,NGA
Nigeria,Nassarawa,Nassarawa,65705,NGA026,Nasarawa,Nasarawa,191161,NGA026009,182,NGA
Nigeria,Kwara,Kwara,2229,NGA024,Ilorin East,Ilorin East,191162,NGA024006,182,NGA
Nigeria,Adamawa,Adamawa,2211,NGA002,Ganaye,Ganaye,191163,NGA002003,182,NGA
Nigeria,Taraba,Taraba,2239,NGA035,Bali,Bali,191164,NGA035002,182,NGA
Nigeria,Nassarawa,Nassarawa,65705,NGA026,Toto,Toto,191165,NGA026012,182,NGA
Nigeria,Oyo,Oyo,2235,NGA031,Atiba,Atiba,191166,NGA031003,182,NGA
Nigeria,Oyo,Oyo,2235,NGA031,Atigbo,Atigbo,191167,NGA031004,182,NGA
Nigeria,Kwara,Kwara,2229,NGA024,Ilorin West,Ilorin West,191168,NGA024008,182,NGA
Nigeria,Kogi,Kogi,2228,NGA023,Yagba West,Yagba West,191169,NGA023021,182,NGA
Nigeria,Kwara,Kwara,2229,NGA024,Ilorin South,Ilorin South,191170,NGA024007,182,NGA
Nigeria,Nassarawa,Nassarawa,65705,NGA026,Awe,Awe,191171,NGA026002,182,NGA
Nigeria,Nassarawa,Nassarawa,65705,NGA007,Obi,Obi,191172,NGA007014,182,NGA
Nigeria,Nassarawa,Nassarawa,65705,NGA026,Obi,Obi,191172,NGA026011,182,NGA
Nigeria,Kogi,Kogi,2228,NGA023,Yagba East,Yagba East,191173,NGA023020,182,NGA
Nigeria,Adamawa,Adamawa,2211,NGA002,Toungo,Toungo,191174,NGA002019,182,NGA
Nigeria,Oyo,Oyo,2235,NGA031,Itesiwaju,Itesiwaju,191175,NGA031017,182,NGA
Nigeria,Kwara,Kwara,2229,NGA024,Irepodun,Irepodun,191176,NGA024009,182,NGA
Nigeria,Kwara,Kwara,2229,NGA030,Irepodun,Irepodun,191176,NGA030020,182,NGA
Nigeria,Kwara,Kwara,2229,NGA024,Isin,Isin,191177,NGA024010,182,NGA
Nigeria,Kogi,Kogi,2228,NGA023,Mopa-Muro,Mopa-Muro,191178,NGA023013,182,NGA
Nigeria,Kwara,Kwara,2229,NGA024,Oke-Ero,Oke-Ero,191179,NGA024014,182,NGA
Nigeria,Nassarawa,Nassarawa,65705,NGA026,Keana,Keana,191180,NGA026005,182,NGA
Nigeria,Oyo,Oyo,2235,NGA031,Ogbomosho North,Ogbomosho North,191181,NGA031021,182,NGA
Nigeria,Oyo,Oyo,2235,NGA031,Iwajowa,Iwajowa,191182,NGA031018,182,NGA
Nigeria,Oyo,Oyo,2235,NGA031,Kajola,Kajola,191183,NGA031019,182,NGA
Nigeria,Kwara,Kwara,2229,NGA024,Ekiti,Ekiti,191184,NGA024004,182,NGA
Nigeria,Oyo,Oyo,2235,NGA031,Oyo West,Oyo West,191185,NGA031030,182,NGA
Nigeria,Oyo,Oyo,2235,NGA031,Ogbomosho South,Ogbomosho South,191186,NGA031022,182,NGA
Nigeria,Oyo,Oyo,2235,NGA031,Ogbomosho South,Ogbomosho South,191186,NGA031022,182,NGA
Nigeria,Osun,Osun,2234,NGA030,Ila,Ila,191187,NGA030017,182,NGA
Nigeria,Oyo,Oyo,2235,NGA031,Iseyin,Iseyin,191188,NGA031016,182,NGA
Nigeria,Kogi,Kogi,2228,NGA023,Omala,Omala,191189,NGA023019,182,NGA
Nigeria,Osun,Osun,2234,NGA030,Ifedayo,Ifedayo,191190,NGA030015,182,NGA
Nigeria,Ekiti,Ekiti,65702,NGA013,Moba,Moba,191191,NGA013015,182,NGA
Nigeria,Benue,Benue,2215,NGA007,Agatu,Agatu,191192,NGA007002,182,NGA
Nigeria,Osun,Osun,2234,NGA030,Boluwaduro,Boluwaduro,191193,NGA030005,182,NGA
Nigeria,Ekiti,Ekiti,65702,NGA013,Ilemeji,Ilemeji,191194,NGA013012,182,NGA
Nigeria,Oyo,Oyo,2235,NGA031,Afijio,Afijio,191195,NGA031029,182,NGA
Nigeria,Oyo,Oyo,2235,NGA031,Afijio,Afijio,191195,NGA031029,182,NGA
Nigeria,Benue,Benue,2215,NGA007,Logo,Logo,191197,NGA007012,182,NGA
Nigeria,Osun,Osun,2234,NGA030,Egbedore,Egbedore,191198,NGA030009,182,NGA
Nigeria,Ekiti,Ekiti,65702,NGA013,Ekiti West,Ekiti West,191199,NGA013006,182,NGA
Nigeria,Ekiti,Ekiti,65702,NGA013,Ekiti East,Ekiti East,191200,NGA013004,182,NGA
Nigeria,Oyo,Oyo,2235,NGA031,Ibarapa North,Ibarapa North,191201,NGA031013,182,NGA
Nigeria,Ekiti,Ekiti,65702,NGA013,Efon-Alayee,Efon-Alayee,191202,NGA013003,182,NGA
Nigeria,Ekiti,Ekiti,65702,NGA013,Irepodun/Ifelodun,Irepodun/Ifelodun,191203,NGA013013,182,NGA
Nigeria,Benue,Benue,2215,NGA007,Apa,Apa,191204,NGA007003,182,NGA
Nigeria,Kogi,Kogi,2228,NGA023,Ajaokuta,Ajaokuta,191205,NGA023002,182,NGA
Nigeria,Osun,Osun,2234,NGA030,Ede North,Ede North,191206,NGA030007,182,NGA
Nigeria,Oyo,Oyo,2235,NGA031,Ido,Ido,191207,NGA031014,182,NGA
Nigeria,Osun,Osun,2234,NGA030,Atakumosa West,Atakumosa West,191208,NGA030004,182,NGA
Nigeria,Ekiti,Ekiti,65702,NGA013,Gboyin,Gboyin,191209,NGA013002,182,NGA
Nigeria,Benue,Benue,2215,NGA007,Tarka,Tarka,191210,NGA007020,182,NGA
Nigeria,Osun,Osun,2234,NGA030,Ede South,Ede South,191211,NGA030008,182,NGA
Nigeria,Taraba,Taraba,2239,NGA035,Kurmi,Kurmi,191212,NGA035009,182,NGA
Nigeria,Oyo,Oyo,2235,NGA031,Akinyele,Akinyele,191213,NGA031002,182,NGA
Nigeria,Osun,Osun,2234,NGA030,Ilesha West,Ilesha West,191214,NGA030019,182,NGA
Nigeria,Osun,Osun,2234,NGA030,Ilesha East,Ilesha East,191215,NGA030018,182,NGA
Nigeria,Kogi,Kogi,2228,NGA023,Ankpa,Ankpa,191216,NGA023003,182,NGA
Nigeria,Taraba,Taraba,2239,NGA035,Takum,Takum,191217,NGA035012,182,NGA
Nigeria,Benue,Benue,2215,NGA007,Oturkpo,Oturkpo,191218,NGA007019,182,NGA
Nigeria,Oyo,Oyo,2235,NGA031,Lagelu,Lagelu,191219,NGA031020,182,NGA
Nigeria,Benue,Benue,2215,NGA007,Katsina-Ala,Katsina-Ala,191220,NGA007009,182,NGA
Nigeria,Benue,Benue,2215,NGA007,Gboko,Gboko,191221,NGA007005,182,NGA
Nigeria,Osun,Osun,2234,NGA030,Atakumosa East,Atakumosa East,191222,NGA030003,182,NGA
Nigeria,Kogi,Kogi,2228,NGA023,Okene,Okene,191223,NGA023017,182,NGA
Nigeria,Ekiti,Ekiti,65702,NGA013,Emure,Emure,191224,NGA013007,182,NGA
Nigeria,Ondo,Ondo,65706,NGA029,Akoko South East,Akoko South East,191225,NGA029003,182,NGA
Nigeria,Osun,Osun,2234,NGA030,Ife Central,Ife Central,191226,NGA030011,182,NGA
Nigeria,Oyo,Oyo,2235,NGA031,Ibarapa Central,Ibarapa Central,191227,NGA031011,182,NGA
Nigeria,Kogi,Kogi,2228,NGA023,Ogori/Mangongo,Ogori/Mangongo,191228,NGA023015,182,NGA
Nigeria,Ondo,Ondo,65706,NGA029,Akoko South West,Akoko South West,191229,NGA029004,182,NGA
Nigeria,Osun,Osun,2234,NGA030,Irewole,Irewole,191230,NGA030021,182,NGA
Nigeria,Oyo,Oyo,2235,NGA031,Egbeda,Egbeda,191231,NGA031005,182,NGA
Nigeria,Osun,Osun,2234,NGA030,Ife East,Ife East,191232,NGA030012,182,NGA
Nigeria,Oyo,Oyo,2235,NGA031,Ibadan North,Ibadan North,191233,NGA031006,182,NGA
Nigeria,Ogun,Ogun,2232,NGA028,Egbado North,Egbado North,191234,NGA028004,182,NGA
Nigeria,Oyo,Oyo,2235,NGA031,Ibadan North West,Ibadan North West,191235,NGA031008,182,NGA
Nigeria,Ondo,Ondo,65706,NGA029,Akure North,Akure North,191236,NGA029005,182,NGA
Nigeria,Ogun,Ogun,2232,NGA028,Abeokuta North,Abeokuta North,191237,NGA028001,182,NGA
Nigeria,Oyo,Oyo,2235,NGA031,Ibadan North East,Ibadan North East,191238,NGA031007,182,NGA
Nigeria,Ondo,Ondo,65706,NGA029,Ose,Ose,191239,NGA029017,182,NGA
Nigeria,Ondo,Ondo,65706,NGA029,Ile-Oluji-Okeigbo,Ile-Oluji-Okeigbo,191240,NGA029011,182,NGA
Nigeria,Taraba,Taraba,2239,NGA035,Sardauna,Sardauna,191241,NGA035011,182,NGA
Nigeria,Oyo,Oyo,2235,NGA031,Ibadan South West,Ibadan South West,191242,NGA031010,182,NGA
Nigeria,Oyo,Oyo,2235,NGA031,Ona-Ara,Ona-Ara,191243,NGA031026,182,NGA
Nigeria,Oyo,Oyo,2235,NGA031,Ibadan South East,Ibadan South East,191244,NGA031009,182,NGA
Nigeria,Ondo,Ondo,65706,NGA029,Akure South,Akure South,191245,NGA029006,182,NGA
Nigeria,Benue,Benue,2215,NGA007,Ohimini,Ohimini,191246,NGA007016,182,NGA
Nigeria,Oyo,Oyo,2235,NGA031,Oluyole,Oluyole,191247,NGA031025,182,NGA
Nigeria,Osun,Osun,2234,NGA030,Isokan,Isokan,191248,NGA030022,182,NGA
Nigeria,Ondo,Ondo,65706,NGA029,Owo,Owo,191249,NGA029018,182,NGA
Nigeria,Taraba,Taraba,2239,NGA035,Ussa,Ussa,191250,NGA035013,182,NGA
Nigeria,Kogi,Kogi,2228,NGA023,Igalamela-Odolu,Igalamela-Odolu,191251,NGA023008,182,NGA
Nigeria,Edo,Edo,2219,NGA012,Owan East,Owan East,191252,NGA012016,182,NGA
Nigeria,Ogun,Ogun,2232,NGA028,Abeokuta South,Abeokuta South,191253,NGA028002,182,NGA
Nigeria,Ondo,Ondo,65706,NGA029,Ondo East,Ondo East,191254,NGA029015,182,NGA
Nigeria,Edo,Edo,2219,NGA012,Etsako West,Etsako West,191255,NGA012009,182,NGA
Nigeria,Ondo,Ondo,65706,NGA029,Ondo West,Ondo West,191256,NGA029016,182,NGA
Nigeria,Edo,Edo,2219,NGA012,Etsako Central,Etsako Central,191257,NGA012007,182,NGA
Nigeria,Enugu,Enugu,65703,NGA014,Igbo-Eze North,Igbo-Eze North,191258,NGA014008,182,NGA
Nigeria,Ogun,Ogun,2232,NGA028,Ewekoro,Ewekoro,191259,NGA028006,182,NGA
Nigeria,Kogi,Kogi,2228,NGA023,Idah,Idah,191260,NGA023007,182,NGA
Nigeria,Ogun,Ogun,2232,NGA028,Remo North,Remo North,191262,NGA028019,182,NGA
Nigeria,Edo,Edo,2219,NGA012,Owan West,Owan West,191263,NGA012017,182,NGA
Nigeria,Enugu,Enugu,65703,NGA014,Igbo-Eze South,Igbo-Eze South,191264,NGA014009,182,NGA
Nigeria,Kogi,Kogi,2228,NGA023,Ibaji,Ibaji,191265,NGA023006,182,NGA
Nigeria,Ogun,Ogun,2232,NGA028,Ikenne,Ikenne,191266,NGA028012,182,NGA
Nigeria,Benue,Benue,2215,NGA007,Oju,Oju,191267,NGA007017,182,NGA
Nigeria,Ogun,Ogun,2232,NGA028,Egbado South,Egbado South,191268,NGA028005,182,NGA
Nigeria,Ogun,Ogun,2232,NGA028,Shagamu,Shagamu,191269,NGA028020,182,NGA
Nigeria,Enugu,Enugu,65703,NGA014,Udenu,Udenu,191270,NGA014015,182,NGA
Nigeria,Ogun,Ogun,2232,NGA028,Ijebu North East,Ijebu North East,191271,NGA028010,182,NGA
Nigeria,Ogun,Ogun,2232,NGA028,Odogbolu,Odogbolu,191272,NGA028017,182,NGA
Nigeria,Ogun,Ogun,2232,NGA028,Ijebu ode,Ijebu ode,191273,NGA028011,182,NGA
Nigeria,Ogun,Ogun,2232,NGA028,Ifo,Ifo,191274,NGA028007,182,NGA
Nigeria,Enugu,Enugu,65703,NGA014,Isi-Uzo,Isi-Uzo,191275,NGA014010,182,NGA
Nigeria,Edo,Edo,2219,NGA012,Ovia South West,Ovia South West,191276,NGA012015,182,NGA
Nigeria,Edo,Edo,2219,NGA012,Ovia North East,Ovia North East,191277,NGA012014,182,NGA
Nigeria,Ogun,Ogun,2232,NGA028,Ipokia,Ipokia,191278,NGA028014,182,NGA
Nigeria,Edo,Edo,2219,NGA012,Esan Central,Esan Central,191279,NGA012003,182,NGA
Nigeria,Cross River,Cross River,2217,NGA009,Bekwara,Bekwara,191280,NGA009005,182,NGA
Nigeria,Edo,Edo,2219,NGA012,Uhunmwonde,Uhunmwonde,191281,NGA012018,182,NGA
Nigeria,Ebonyi,Ebonyi,65701,NGA011,Ebonyi,Ebonyi,191282,NGA011004,182,NGA
Nigeria,Anambra,Anambra,2213,NGA004,Ayamelum,Ayamelum,191283,NGA004007,182,NGA
Nigeria,Lagos,Lagos,2230,NGA025,Ifako-Ijaye,Ifako-Ijaye,191284,NGA025010,182,NGA
Nigeria,Lagos,Lagos,2230,NGA025,Alimosho,Alimosho,191285,NGA025003,182,NGA
Nigeria,Cross River,Cross River,2217,NGA009,Ogoja,Ogoja,191286,NGA009016,182,NGA
Nigeria,Cross River,Cross River,2217,NGA009,Ogoja,Ogoja,191286,NGA009016,182,NGA
Nigeria,Lagos,Lagos,2230,NGA025,Agege,Agege,191287,NGA025001,182,NGA
Nigeria,Lagos,Lagos,2230,NGA025,Ikeja,Ikeja,191288,NGA025011,182,NGA
Nigeria,Edo,Edo,2219,NGA012,Igueben,Igueben,191289,NGA012010,182,NGA
Nigeria,Ondo,Ondo,65706,NGA029,Ilaje,Ilaje,191290,NGA029010,182,NGA
Nigeria,Lagos,Lagos,2230,NGA025,Kosofe,Kosofe,191291,NGA025013,182,NGA
Nigeria,Enugu,Enugu,65703,NGA014,Enugu East,Enugu East,191292,NGA014003,182,NGA
Nigeria,Lagos,Lagos,2230,NGA025,Lagos Island,Lagos Island,191293,NGA025014,182,NGA
Nigeria,Enugu,Enugu,65703,NGA014,Nkanu East,Nkanu East,191294,NGA014011,182,NGA
Nigeria,Lagos,Lagos,2230,NGA025,Oshodi-Isolo,Oshodi-Isolo,191295,NGA025018,182,NGA
Nigeria,Lagos,Lagos,2230,NGA025,Shomolu,Shomolu,191296,NGA025019,182,NGA
Nigeria,Lagos,Lagos,2230,NGA025,Mushin,Mushin,191297,NGA025016,182,NGA
Nigeria,Lagos,Lagos,2230,NGA025,Ojo,Ojo,191298,NGA025017,182,NGA
Nigeria,Lagos,Lagos,2230,NGA025,Lagos Mainland,Lagos Mainland,191299,NGA025015,182,NGA
Nigeria,Lagos,Lagos,2230,NGA025,Amuwo-Odofin,Amuwo-Odofin,191300,NGA025004,182,NGA
Nigeria,Delta,Delta,2218,NGA010,Oshimili North,Oshimili North,191301,NGA010014,182,NGA
Nigeria,Enugu,Enugu,65703,NGA014,Enugu North,Enugu North,191302,NGA014004,182,NGA
Nigeria,Lagos,Lagos,2230,NGA025,Ajeromi-Ifelodun,Ajeromi-Ifelodun,191303,NGA025002,182,NGA
Nigeria,Anambra,Anambra,2213,NGA004,Anambra East,Anambra East,191304,NGA004002,182,NGA
Nigeria,Ondo,Ondo,65706,NGA029,Ese-Odo,Ese-Odo,191305,NGA029007,182,NGA
Nigeria,Enugu,Enugu,65703,NGA014,Enugu South,Enugu South,191306,NGA014005,182,NGA
Nigeria,Enugu,Enugu,65703,NGA014,Nkanu West,Nkanu West,191307,NGA014012,182,NGA
Nigeria,Edo,Edo,2219,NGA012,Egor,Egor,191308,NGA012002,182,NGA
Nigeria,Edo,Edo,2219,NGA012,Ikpoba-Okha,Ikpoba-Okha,191309,NGA012011,182,NGA
Nigeria,Edo,Edo,2219,NGA012,Orhionmwon,Orhionmwon,191310,NGA012013,182,NGA
Nigeria,Cross River,Cross River,2217,NGA009,Ikom,Ikom,191311,NGA009011,182,NGA
Nigeria,Ebonyi,Ebonyi,65701,NGA011,Ezza North,Ezza North,191312,NGA011005,182,NGA
Nigeria,Edo,Edo,2219,NGA012,Oredo,Oredo,191313,NGA012012,182,NGA
Nigeria,Ebonyi,Ebonyi,65701,NGA011,Abakaliki,Abakaliki,191314,NGA011001,182,NGA
Nigeria,Enugu,Enugu,65703,NGA014,Awgu,Awgu,191315,NGA014002,182,NGA
Nigeria,Anambra,Anambra,2213,NGA004,Oyi,Oyi,191316,NGA004021,182,NGA
Nigeria,Anambra,Anambra,2213,NGA004,Dunukofia,Dunukofia,191317,NGA004008,182,NGA
Nigeria,Delta,Delta,2218,NGA010,Oshimili South,Oshimili South,191318,NGA010015,182,NGA
Nigeria,Anambra,Anambra,2213,NGA004,Njikoka,Njikoka,191319,NGA004013,182,NGA
Nigeria,Ebonyi,Ebonyi,65701,NGA011,Ezza South,Ezza South,191320,NGA011006,182,NGA
Nigeria,Anambra,Anambra,2213,NGA004,Idemili North,Idemili North,191321,NGA004010,182,NGA
Nigeria,Enugu,Enugu,65703,NGA014,Aninri,Aninri,191322,NGA014001,182,NGA
Nigeria,Anambra,Anambra,2213,NGA004,Onitsha North,Onitsha North,191323,NGA004017,182,NGA
Nigeria,Delta,Delta,2218,NGA010,Warri North,Warri North,191324,NGA010023,182,NGA
Nigeria,Anambra,Anambra,2213,NGA004,Onitsha South,Onitsha South,191325,NGA004018,182,NGA
Nigeria,Anambra,Anambra,2213,NGA004,Idemili South,Idemili South,191326,NGA004011,182,NGA
Nigeria,Ebonyi,Ebonyi,65701,NGA011,Ohaozara,Ohaozara,191327,NGA011011,182,NGA
Nigeria,Anambra,Anambra,2213,NGA004,Ekwusigo,Ekwusigo,191328,NGA004009,182,NGA
Nigeria,Anambra,Anambra,2213,NGA004,Nnewi North,Nnewi North,191329,NGA004014,182,NGA
Nigeria,Cross River,Cross River,2217,NGA009,Etung,Etung,191330,NGA009010,182,NGA
Nigeria,Abia,Abia,65698,NGA001,Umu-Neochi,Umu-Neochi,191331,NGA001017,182,NGA
Nigeria,Delta,Delta,2218,NGA010,Ndokwa West,Ndokwa West,191332,NGA010012,182,NGA
Nigeria,Ebonyi,Ebonyi,65701,NGA011,Ivo,Ivo,191333,NGA011009,182,NGA
Nigeria,Delta,Delta,2218,NGA010,Ukwuani,Ukwuani,191334,NGA010021,182,NGA
Nigeria,Imo,Imo,2222,NGA017,Okigwe,Okigwe,191335,NGA017019,182,NGA
Nigeria,Abia,Abia,65698,NGA001,Isuikwato,Isuikwato,191336,NGA001008,182,NGA
Nigeria,Imo,Imo,2222,NGA017,Unuimo,Unuimo,191337,NGA017027,182,NGA
Nigeria,Imo,Imo,2222,NGA017,Oru West,Oru West,191338,NGA017023,182,NGA
Nigeria,Delta,Delta,2218,NGA010,Warri South West,Warri South West,191339,NGA010025,182,NGA
Nigeria,Delta,Delta,2218,NGA010,Warri South,Warri South,191340,NGA010024,182,NGA
Nigeria,Delta,Delta,2218,NGA010,Okpe,Okpe,191341,NGA010013,182,NGA
Nigeria,Imo,Imo,2222,NGA017,Oru East,Oru East,191342,NGA017022,182,NGA
Nigeria,Delta,Delta,2218,NGA010,Ughelli North,Ughelli North,191343,NGA010019,182,NGA
Nigeria,Imo,Imo,2222,NGA017,Nkwerre,Nkwerre,191344,NGA017014,182,NGA
Nigeria,Imo,Imo,2222,NGA017,Njaba,Njaba,191345,NGA017013,182,NGA
Nigeria,Imo,Imo,2222,NGA017,Nwangele,Nwangele,191346,NGA017015,182,NGA
Nigeria,Imo,Imo,2222,NGA017,Isu,Isu,191347,NGA017010,182,NGA
Nigeria,Abia,Abia,65698,NGA001,Umuahia North,Umuahia North,191348,NGA001015,182,NGA
Nigeria,Delta,Delta,2218,NGA010,Uvwie,Uvwie,191349,NGA010022,182,NGA
Nigeria,Delta,Delta,2218,NGA010,Ughelli South,Ughelli South,191350,NGA010020,182,NGA
Nigeria,Imo,Imo,2222,NGA017,Owerri West,Owerri West,191351,NGA017025,182,NGA
Nigeria,Delta,Delta,2218,NGA010,Udu,Udu,191352,NGA010018,182,NGA
Nigeria,Delta,Delta,2218,NGA010,Isoko South,Isoko South,191353,NGA010010,182,NGA
Nigeria,Imo,Imo,2222,NGA017,Owerri North,Owerri North,191354,NGA017024,182,NGA
Nigeria,Abia,Abia,65698,NGA001,Umuahia South,Umuahia South,191355,NGA001016,182,NGA
Nigeria,Imo,Imo,2222,NGA017,Owerri-Municipal,Owerri-Municipal,191356,NGA017026,182,NGA
Nigeria,Abia,Abia,65698,NGA001,Isiala-Ngwa North,Isiala-Ngwa North,191358,NGA001006,182,NGA
Nigeria,Bayelsa,Bayelsa,65700,NGA006,Yenegoa,Yenegoa,191359,NGA006008,182,NGA
Nigeria,Akwa Ibom,Akwa Ibom,2212,NGA003,Ibiono Ibom,Ibiono Ibom,191360,NGA003010,182,NGA
Nigeria,Abia,Abia,65698,NGA001,Isiala-Ngwa South,Isiala-Ngwa South,191361,NGA001007,182,NGA
Nigeria,Akwa Ibom,Akwa Ibom,2212,NGA003,Obot Akara,Obot Akara,191362,NGA003022,182,NGA
Nigeria,Abia,Abia,65698,NGA001,Obi Nwa,Obi Nwa,191363,NGA001009,182,NGA
Nigeria,Delta,Delta,2218,NGA010,Patani,Patani,191364,NGA010016,182,NGA
Nigeria,Rivers,Rivers,65708,NGA033,Emohua,Emohua,191365,NGA033010,182,NGA
Nigeria,Akwa Ibom,Akwa Ibom,2212,NGA003,Itu,Itu,191366,NGA003016,182,NGA
Nigeria,Akwa Ibom,Akwa Ibom,2212,NGA003,Ikot Ekpene,Ikot Ekpene,191367,NGA003014,182,NGA
Nigeria,Rivers,Rivers,65708,NGA033,Ikwerre,Ikwerre,191368,NGA033013,182,NGA
Nigeria,Rivers,Rivers,65708,NGA033,Ahoada West,Ahoada West,191369,NGA033003,182,NGA
Nigeria,Bayelsa,Bayelsa,65700,NGA006,Kolokuma/Opokuma,Kolokuma/Opokuma,191370,NGA006003,182,NGA
Nigeria,Rivers,Rivers,65708,NGA033,Ahoada East,Ahoada East,191371,NGA033002,182,NGA
Nigeria,Rivers,Rivers,65708,NGA033,Etche,Etche,191372,NGA033011,182,NGA
Nigeria,Rivers,Rivers,65708,NGA033,Omumma,Omumma,191373,NGA033019,182,NGA
Nigeria,Abia,Abia,65698,NGA001,Aba North,Aba North,191374,NGA001001,182,NGA
Nigeria,Abia,Abia,65698,NGA001,Aba South,Aba South,191375,NGA001002,182,NGA
Nigeria,Cross River,Cross River,2217,NGA009,Akpabuyo,Akpabuyo,191376,NGA009003,182,NGA
Nigeria,Akwa Ibom,Akwa Ibom,2212,NGA003,Uyo,Uyo,191377,NGA003031,182,NGA
Nigeria,Cross River,Cross River,2217,NGA009,Calabar-Municipal,Calabar-Municipal,191378,NGA009009,182,NGA
Nigeria,Akwa Ibom,Akwa Ibom,2212,NGA003,Ika,Ika,191379,NGA003011,182,NGA
Nigeria,Abia,Abia,65698,NGA001,Ugwunagbo,Ugwunagbo,191380,NGA001012,182,NGA
Nigeria,Akwa Ibom,Akwa Ibom,2212,NGA003,Etim Ekpo,Etim Ekpo,191381,NGA003006,182,NGA
Nigeria,Akwa Ibom,Akwa Ibom,2212,NGA003,Ibesikpo Asutan,Ibesikpo Asutan,191382,NGA003009,182,NGA
Nigeria,Bayelsa,Bayelsa,65700,NGA006,Ogbia,Ogbia,191383,NGA006005,182,NGA
Nigeria,Rivers,Rivers,65708,NGA033,Oyigbo,Oyigbo,191384,NGA033021,182,NGA
Nigeria,Akwa Ibom,Akwa Ibom,2212,NGA003,Nsit Atai,Nsit Atai,191385,NGA003019,182,NGA
Nigeria,Rivers,Rivers,65708,NGA033,Degema,Degema,191386,NGA033008,182,NGA
Nigeria,Rivers,Rivers,65708,NGA033,Eleme,Eleme,191387,NGA033009,182,NGA
Nigeria,Rivers,Rivers,65708,NGA033,Khana,Khana,191388,NGA033014,182,NGA
Nigeria,Rivers,Rivers,65708,NGA033,Port-Harcourt,Port-Harcourt,191389,NGA033022,182,NGA
Nigeria,Rivers,Rivers,65708,NGA033,Tai,Tai,191390,NGA033023,182,NGA
Nigeria,Akwa Ibom,Akwa Ibom,2212,NGA003,Udung Uko,Udung Uko,191391,NGA003027,182,NGA
Nigeria,Rivers,Rivers,65708,NGA033,Okrika,Okrika,191392,NGA033018,182,NGA
Nigeria,Bayelsa,Bayelsa,65700,NGA006,Brass,Brass,191393,NGA006001,182,NGA
Nigeria,Rivers,Rivers,65708,NGA033,Akuku Toru,Akuku Toru,191394,NGA033004,182,NGA
Nigeria,Rivers,Rivers,65708,NGA033,Ogu/Bolo,Ogu/Bolo,191395,NGA033017,182,NGA
Nigeria,Akwa Ibom,Akwa Ibom,2212,NGA003,Ikot Abasi,Ikot Abasi,191396,NGA003013,182,NGA
Nigeria,Akwa Ibom,Akwa Ibom,2212,NGA003,Esit Eket,Esit Eket,191397,NGA003004,182,NGA
Nigeria,Bayelsa,Bayelsa,65700,NGA006,Nembe,Nembe,191398,NGA006004,182,NGA
Nigeria,Rivers,Rivers,65708,NGA033,Bonny,Bonny,191399,NGA033007,182,NGA
Nigeria,Rivers,Rivers,65708,NGA033,Andoni,Andoni,191400,NGA033005,182,NGA
Nigeria,Rivers,Rivers,65708,NGA033,Opobo/Nkoro,Opobo/Nkoro,191401,NGA033020,182,NGA
Nigeria,Akwa Ibom,Akwa Ibom,2212,NGA003,Ibeno,Ibeno,191402,NGA003008,182,NGA
Nigeria,Akwa Ibom,Akwa Ibom,2212,NGA003,Eastern Obolo,Eastern Obolo,191403,NGA003002,182,NGA
Nigeria,Ogun,Ogun,2232,NGA028,Imeko-Afon,Imeko-Afon,191404,NGA028013,182,NGA
Nigeria,Borno,Borno,2216,NGA008,Marte,Marte,191406,NGA008022,182,NGA
Nigeria,Borno,Borno,2216,NGA008,Mobbar,Mobbar,191407,NGA008023,182,NGA
Nigeria,Sokoto,Sokoto,65709,NGA034,Isa,Isa,191408,NGA034009,182,NGA
Nigeria,Sokoto,Sokoto,65709,NGA034,Gudu,Gudu,191409,NGA034007,182,NGA
Nigeria,Jigawa,Jigawa,2223,NGA018,Maigatari,Maigatari,191410,NGA018020,182,NGA
Nigeria,Kwara,Kwara,2229,NGA024,Edu,Edu,191411,NGA024003,182,NGA
Nigeria,Jigawa,Jigawa,2223,NGA018,Sule-Tankarkar,Sule-Tankarkar,191412,NGA018025,182,NGA
Nigeria,Ekiti,Ekiti,65702,NGA013,Ise/Orun,Ise/Orun,191413,NGA013014,182,NGA
Nigeria,Niger,Niger,2231,NGA027,Edati,Edati,191414,NGA027007,182,NGA
Nigeria,Kaduna,Kaduna,2224,NGA019,Kagarko,Kagarko,191415,NGA019011,182,NGA
Nigeria,Lagos,Lagos,2230,NGA025,Apapa,Apapa,191416,NGA025005,182,NGA
Nigeria,Delta,Delta,2218,NGA010,Bomadi,Bomadi,191418,NGA010003,182,NGA
Nigeria,Kebbi,Kebbi,2227,NGA022,Wasagu/Danko,Wasagu/Danko,191419,NGA022019,182,NGA
Nigeria,Delta,Delta,2218,NGA010,Ethiope East,Ethiope East,191420,NGA010005,182,NGA
Nigeria,Delta,Delta,2218,NGA010,Isoko North,Isoko North,191421,NGA010009,182,NGA
Nigeria,Niger,Niger,2231,NGA027,Lavun,Lavun,191422,NGA027013,182,NGA
Nigeria,Yobe,Yobe,2240,NGA036,Bade,Bade,191423,NGA036001,182,NGA
Nigeria,Zamfara,Zamfara,65710,NGA037,Maru,Maru,191424,NGA037010,182,NGA
Nigeria,Akwa Ibom,Akwa Ibom,2212,NGA003,Oron,Oron,191425,NGA003025,182,NGA
